<?xml version="1.0" encoding="UTF-8"?><CodeSystem xmlns="http://hl7.org/fhir"><id value="oncology-EstrogenAntibodyCS"/><text><status value="generated"/><div xmlns="http://www.w3.org/1999/xhtml">
<p><b>BCI EstrogenAntibodyCS CodeSystem</b></p>
<p>Antibodies relevant to Estrogen receptor.</p>
</div></text><url value="http://hl7.org/fhir/us/bci/oncology/cs/EstrogenAntibodyCS"/><identifier><system value="http://hl7.org/fhir/us/bci"/><value value="oncology.EstrogenAntibodyCS"/></identifier><version value="0.0.1"/><name value="BCI EstrogenAntibodyCS CodeSystem"/><title value="BCI EstrogenAntibodyCS CodeSystem"/><status value="draft"/><date value="2018-03-12"/><publisher value="The MITRE Corporation: Standard Health Record Collaborative"/><contact><telecom><system value="url"/><value value="http://standardhealthrecord.org"/></telecom></contact><description value="Antibodies relevant to Estrogen receptor."/><caseSensitive value="true"/><content value="complete"/><count value="3"/><concept><code value="SP1"/><display value="SP1 - CAP#31093"/><definition value="SP1 - CAP#31093"/></concept><concept><code value="6F11"/><display value="6F11 - CAP#31094"/><definition value="6F11 - CAP#31094"/></concept><concept><code value="1D5"/><display value="1D5 - CAP#31095"/><definition value="1D5 - CAP#31095"/></concept></CodeSystem>