{"resourceType":"ValueSet","id":"oncology-BreastCancerTStageVS","text":{"status":"generated","div":"<div xmlns=\"http://www.w3.org/1999/xhtml\">\n<p><b>BCI BreastCancerTStageVS ValueSet</b></p>\n<p>Tumor category according to AJCC breast cancer staging recommendations.</p>\n</div>"},"url":"http://hl7.org/fhir/us/bci/oncology/vs/BreastCancerTStageVS","identifier":[{"system":"http://hl7.org/fhir/us/bci","value":"oncology.BreastCancerTStageVS"}],"version":"0.0.1","name":"BCI BreastCancerTStageVS ValueSet","title":"BCI BreastCancerTStageVS ValueSet","status":"draft","date":"2018-03-12","publisher":"The MITRE Corporation: Standard Health Record Collaborative","contact":[{"telecom":[{"system":"url","value":"http://standardhealthrecord.org"}]}],"description":"Tumor category according to AJCC breast cancer staging recommendations.","compose":{"include":[{"system":"http://hl7.org/fhir/us/bci/oncology/cs/BreastCancerTStageCS","concept":[{"code":"TX","display":"The primary tumor cannot be evaluated."},{"code":"Tis_DCIS","display":"DCIS is a noninvasive cancer, but if not removed it can develop into an invasive breast cancer later. DCIS means that cancer cells have been found in breast ducts and have not spread past the layer of tissue where they began."},{"code":"Tis_Paget","display":"Paget’s disease of the nipple is a rare form of early, noninvasive cancer that is only in the skin cells of the nipple. Sometimes Paget’s disease is associated with another, invasive breast cancer. If there is also an invasive breast cancer present, it is classified according to the stage of the invasive tumor."},{"code":"T1","display":"The invasive part of the tumor in the breast is 20 millimeters (mm) or smaller in size at its widest area. This stage is then broken into 3 substages (a, b, c) depending on the size of the tumor"},{"code":"T1mi","display":"T1mi is a tumor less than or equal  to 1 mm in greatest dimension."},{"code":"T1a","display":"T1a is a tumor that is larger than 1 mm, but 5 mm or smaller."},{"code":"T1b","display":"T1b is a tumor that is larger than 5 mm, but 10 mm or smaller."},{"code":"T1c","display":"T1c is a tumor that is larger than 10 mm, but 20 mm or smaller."},{"code":"T2","display":"The invasive part of the tumor is larger than 20 mm but not larger than 50 mm."},{"code":"T3","display":"The invasive part of the tumor is larger than 50 mm."},{"code":"T4","display":"The tumor has grown into the chest wall and/or the skin, or is inflammatory."},{"code":"T4a","display":"T4a means the tumor has grown into the chest wall."},{"code":"T4b","display":"T4b is when the tumor has grown into the skin."},{"code":"T4c","display":"T4c is cancer that has grown into the chest wall and the skin."},{"code":"T4d","display":"T4d is inflammatory breast cancer."}]}]}}