<?xml version="1.0" encoding="UTF-8"?>

<CodeSystem xmlns="http://hl7.org/fhir">
  <id value="oncology-HER2ISHMethodCS"/>
  <text>
    <status value="generated"/><div xmlns="http://www.w3.org/1999/xhtml">
<p><b>BCI HER2ISHMethodCS CodeSystem</b></p>
<p/>
</div>
  </text>
  <url value="http://hl7.org/fhir/us/bci/oncology/cs/HER2ISHMethodCS"/>
  <identifier>
    <system value="http://hl7.org/fhir/us/bci"/>
    <value value="oncology.HER2ISHMethodCS"/>
  </identifier>
  <version value="0.0.1"/>
  <name value="BCI HER2ISHMethodCS CodeSystem"/>
  <title value="BCI HER2ISHMethodCS CodeSystem"/>
  <status value="draft"/>
  <date value="2018-03-12"/>
  <publisher value="The MITRE Corporation: Standard Health Record Collaborative"/>
  <contact>
    <telecom>
      <system value="url"/>
      <value value="http://standardhealthrecord.org"/>
    </telecom>
  </contact>
  <caseSensitive value="true"/>
  <content value="complete"/>
  <count value="2"/>
  <concept>
    <code value="single"/>
    <display value="HER2 by Single Probe Assay In SituHybridization test"/>
    <definition value="HER2 by Single Probe Assay In SituHybridization test"/>
  </concept>
  <concept>
    <code value="dual"/>
    <display value="HER2 by Dual Probe Assay In SituHybridization test"/>
    <definition value="HER2 by Dual Probe Assay In SituHybridization test"/>
  </concept>
</CodeSystem>