<?xml version="1.0" encoding="UTF-8"?>

<ValueSet xmlns="http://hl7.org/fhir">
  <id value="oncology-RefseqVS"/>
  <text>
    <status value="generated"/><div xmlns="http://www.w3.org/1999/xhtml">
<p><b>BCI RefseqVS ValueSet</b></p>
<p/>
</div>
  </text>
  <url value="http://hl7.org/fhir/us/bci/oncology/vs/RefseqVS"/>
  <identifier>
    <system value="http://hl7.org/fhir/us/bci"/>
    <value value="oncology.RefseqVS"/>
  </identifier>
  <version value="0.0.1"/>
  <name value="BCI RefseqVS ValueSet"/>
  <title value="BCI RefseqVS ValueSet"/>
  <status value="draft"/>
  <date value="2018-03-12"/>
  <publisher value="The MITRE Corporation: Standard Health Record Collaborative"/>
  <contact>
    <telecom>
      <system value="url"/>
      <value value="http://standardhealthrecord.org"/>
    </telecom>
  </contact>
  <compose>
    <include>
      <system value="https://www.ncbi.nlm.nih.gov/refseq"/>
    </include>
  </compose>
</ValueSet>