<?xml version="1.0" encoding="UTF-8"?>

<ValueSet xmlns="http://hl7.org/fhir">
  <id value="oncology-OncotypeDXRiskScoreInterpretationVS"/>
  <text>
    <status value="generated"/><div xmlns="http://www.w3.org/1999/xhtml">
<p><b>BCI OncotypeDXRiskScoreInterpretationVS ValueSet</b></p>
<p>Intepretation of OncotypeDX Recurrence Score</p>
</div>
  </text>
  <url value="http://hl7.org/fhir/us/bci/oncology/vs/OncotypeDXRiskScoreInterpretationVS"/>
  <identifier>
    <system value="http://hl7.org/fhir/us/bci"/>
    <value value="oncology.OncotypeDXRiskScoreInterpretationVS"/>
  </identifier>
  <version value="0.0.1"/>
  <name value="BCI OncotypeDXRiskScoreInterpretationVS ValueSet"/>
  <title value="BCI OncotypeDXRiskScoreInterpretationVS ValueSet"/>
  <status value="draft"/>
  <date value="2018-03-12"/>
  <publisher value="The MITRE Corporation: Standard Health Record Collaborative"/>
  <contact>
    <telecom>
      <system value="url"/>
      <value value="http://standardhealthrecord.org"/>
    </telecom>
  </contact>
  <description value="Intepretation of OncotypeDX Recurrence Score"/>
  <compose>
    <include>
      <system value="http://hl7.org/fhir/us/bci/oncology/cs/OncotypeDXRiskScoreInterpretationCS"/>
      <concept>
        <code value="low_risk"/>
        <display value="Recurrence Score lower than 18: The cancer has a low risk of recurrence. The benefit of chemotherapy is likely to be small and will not outweigh the risks of side effects."/>
      </concept>
      <concept>
        <code value="intermediate_risk"/>
        <display value="Recurrence Score of 18 up to and including 30: The cancer has an intermediate risk of recurrence. It&#x2019;s unclear whether the benefits of chemotherapy outweigh the risks of side effects."/>
      </concept>
      <concept>
        <code value="high_risk"/>
        <display value="Recurrence Score greater than or equal to 31: The cancer has a high risk of recurrence, and the benefits of chemotherapy are likely to be greater than the risks of side effects."/>
      </concept>
    </include>
  </compose>
</ValueSet>