<?xml version="1.0" encoding="UTF-8"?>

<ValueSet xmlns="http://hl7.org/fhir">
  <id value="oncology-NottinghamCombinedGradeVS"/>
  <text>
    <status value="generated"/><div xmlns="http://www.w3.org/1999/xhtml">
<p><b>BCI NottinghamCombinedGradeVS ValueSet</b></p>
<p/>
</div>
  </text>
  <url value="http://hl7.org/fhir/us/bci/oncology/vs/NottinghamCombinedGradeVS"/>
  <identifier>
    <system value="http://hl7.org/fhir/us/bci"/>
    <value value="oncology.NottinghamCombinedGradeVS"/>
  </identifier>
  <version value="0.0.1"/>
  <name value="BCI NottinghamCombinedGradeVS ValueSet"/>
  <title value="BCI NottinghamCombinedGradeVS ValueSet"/>
  <status value="draft"/>
  <date value="2018-03-12"/>
  <publisher value="The MITRE Corporation: Standard Health Record Collaborative"/>
  <contact>
    <telecom>
      <system value="url"/>
      <value value="http://standardhealthrecord.org"/>
    </telecom>
  </contact>
  <compose>
    <include>
      <system value="http://snomed.info/sct"/>
      <concept>
        <code value="369790002"/>
        <display value="Low grade or well differentiated"/>
      </concept>
      <concept>
        <code value="369791003"/>
        <display value="Intermediate/moderate grade or moderately differentiated"/>
      </concept>
      <concept>
        <code value="369792005"/>
        <display value="High grade or pooly differentiated"/>
      </concept>
    </include>
  </compose>
</ValueSet>