<?xml version="1.0" encoding="UTF-8"?>

<CodeSystem xmlns="http://hl7.org/fhir">
  <id value="oncology-ProgesteroneAntibodyCS"/>
  <text>
    <status value="generated"/><div xmlns="http://www.w3.org/1999/xhtml">
<p><b>BCI ProgesteroneAntibodyCS CodeSystem</b></p>
<p>Antibodies relevant to Estrogen receptor.</p>
</div>
  </text>
  <url value="http://hl7.org/fhir/us/bci/oncology/cs/ProgesteroneAntibodyCS"/>
  <identifier>
    <system value="http://hl7.org/fhir/us/bci"/>
    <value value="oncology.ProgesteroneAntibodyCS"/>
  </identifier>
  <version value="0.0.1"/>
  <name value="BCI ProgesteroneAntibodyCS CodeSystem"/>
  <title value="BCI ProgesteroneAntibodyCS CodeSystem"/>
  <status value="draft"/>
  <date value="2018-03-14"/>
  <publisher value="The HL7 Cancer Interoperability Group sponsored by Clinical Interoperability Council Work Group (CIC)."/>
  <contact>
    <telecom>
      <system value="url"/>
      <value value="http://standardhealthrecord.org"/>
    </telecom>
  </contact>
  <description value="Antibodies relevant to Estrogen receptor."/>
  <caseSensitive value="true"/>
  <content value="complete"/>
  <count value="7"/>
  <concept>
    <code value="1E2"/>
    <display value="1E2 - CAP#31103"/>
    <definition value="1E2 - CAP#31103"/>
  </concept>
  <concept>
    <code value="636"/>
    <display value="636 - CAP#31104"/>
    <definition value="636 - CAP#31104"/>
  </concept>
  <concept>
    <code value="16"/>
    <display value="16 - CAP#31105"/>
    <definition value="16 - CAP#31105"/>
  </concept>
  <concept>
    <code value="SP2"/>
    <display value="SP2 - CAP#31097"/>
    <definition value="SP2 - CAP#31097"/>
  </concept>
  <concept>
    <code value="1A6"/>
    <display value="1A6 - CAP#31098"/>
    <definition value="1A6 - CAP#31098"/>
  </concept>
  <concept>
    <code value="1294"/>
    <display value="1294 - CAP#32115"/>
    <definition value="1294 - CAP#32115"/>
  </concept>
  <concept>
    <code value="312"/>
    <display value="312 - CAP#32116"/>
    <definition value="312 - CAP#32116"/>
  </concept>
</CodeSystem>