<?xml version="1.0" encoding="UTF-8"?>

<CodeSystem xmlns="http://hl7.org/fhir">
  <id value="oncology-BreastSiteCS"/>
  <text>
    <status value="generated"/><div xmlns="http://www.w3.org/1999/xhtml">
<p><b>BCI BreastSiteCS CodeSystem</b></p>
<p>Topography of the breast. Codes are drawn from ICD-O-3.</p>
</div>
  </text>
  <url value="http://hl7.org/fhir/us/bci/oncology/cs/BreastSiteCS"/>
  <identifier>
    <system value="http://hl7.org/fhir/us/bci"/>
    <value value="oncology.BreastSiteCS"/>
  </identifier>
  <version value="0.0.1"/>
  <name value="BCI BreastSiteCS CodeSystem"/>
  <title value="BCI BreastSiteCS CodeSystem"/>
  <status value="draft"/>
  <date value="2018-03-13"/>
  <publisher value="The MITRE Corporation: Standard Health Record Collaborative"/>
  <contact>
    <telecom>
      <system value="url"/>
      <value value="http://standardhealthrecord.org"/>
    </telecom>
  </contact>
  <description value="Topography of the breast. Codes are drawn from ICD-O-3."/>
  <caseSensitive value="true"/>
  <content value="complete"/>
  <count value="9"/>
  <concept>
    <code value="C50.0"/>
    <display value="Nipple"/>
    <definition value="Nipple"/>
  </concept>
  <concept>
    <code value="C50.1"/>
    <display value="Central portion of the breast."/>
    <definition value="Central portion of the breast."/>
  </concept>
  <concept>
    <code value="C50.2"/>
    <display value="Upper inner quadrant"/>
    <definition value="Upper inner quadrant"/>
  </concept>
  <concept>
    <code value="C50.3"/>
    <display value="Lower inner quadrant"/>
    <definition value="Lower inner quadrant"/>
  </concept>
  <concept>
    <code value="C50.4"/>
    <display value="Upper outer quadrant"/>
    <definition value="Upper outer quadrant"/>
  </concept>
  <concept>
    <code value="C50.5"/>
    <display value="Lower outer quadrant"/>
    <definition value="Lower outer quadrant"/>
  </concept>
  <concept>
    <code value="C50.6"/>
    <display value="Axillary tail of breast"/>
    <definition value="Axillary tail of breast"/>
  </concept>
  <concept>
    <code value="C50.8"/>
    <display value="Overlapping lesion of breast"/>
    <definition value="Overlapping lesion of breast"/>
  </concept>
  <concept>
    <code value="C50.9"/>
    <display value="Breast, NOS"/>
    <definition value="Breast, NOS"/>
  </concept>
</CodeSystem>