"Path","Slice Name","Alias(s)","Label","Min","Max","Must Support?","Is Modifier?","Is Summary?","Type(s)","Short","Definition","Comments","Requirements","Default Value","Meaning When Missing","Fixed Value","Pattern","Example","Minimum Value","Maximum Value","Maximum Length","Binding Strength","Binding Description","Binding Value Set","Code","Slicing Discriminator","Slicing Description","Slicing Ordered","Slicing Rules","Base Path","Base Min","Base Max","Condition(s)","Constraint(s)"
"condition-Condition-model","","","",0,*,"","","","","","A condition that is or may be present in a subject. 'Condition' is interpreted broadly and could be a disorder, abnormality, problem, injury, complaint, functionality, illness, disease, ailment, sickness, affliction, upset, difficulty, disorder, symptom, worry, or trouble.

In CIMI terms, it is an archetype of ClinicalStatement that combines a ConditionTopic with the ConditionPresenceContext context. The core attributes of ClinicalStatement are not included here because of mapping difficulties to FHIR DomainResource.

In CIMI V0.0.4, this class would be represented as an archetype, specifically, a ClinicalStatement whose topic is ConditionAssertion and whose context is AssertionKnownOrSuspectedPresent. The name of the CIMI archetype has not been determined as of V0.0.4;. Here, the class is called Condition because it corresponds to FHIR Condition.","","","","","","","","","",,,,,"",,,,"condition-Condition-model",0,*,"",""
"condition-Condition-model.value","","codeableConcept
","",1,1,"","","","CodeableConcept {[]} {[]}
","Code representing a condition that is or may be present in a subject. 'Condition' is interpreted broadly and could be a disorder, abnormality, problem, injury, complaint, functionality, illness, disease, ailment, sickness, affliction, upset, difficulty, disorder, symptom, worry, or trouble.","Code representing a condition that is or may be present in a subject. 'Condition' is interpreted broadly and could be a disorder, abnormality, problem, injury, complaint, functionality, illness, disease, ailment, sickness, affliction, upset, difficulty, disorder, symptom, worry, or trouble.

In CIMI terms, it is an archetype of ClinicalStatement that combines a ConditionTopic with the ConditionPresenceContext context. The core attributes of ClinicalStatement are not included here because of mapping difficulties to FHIR DomainResource.

In CIMI V0.0.4, this class would be represented as an archetype, specifically, a ClinicalStatement whose topic is ConditionAssertion and whose context is AssertionKnownOrSuspectedPresent. The name of the CIMI archetype has not been determined as of V0.0.4;. Here, the class is called Condition because it corresponds to FHIR Condition.","","","","","","","","","",,"extensible","","http://hl7.org/fhir/us/core/ValueSet/us-core-problem","",,,,"condition-Condition-model.value",1,1,"",""
"condition-Condition-model.topicCode","","","",1,1,"","","","http://hl7.org/fhir/us/breastcancer/StructureDefinition/shr-base-TopicCode-model {[]} {[]}
","The concept representing the finding or action that is the topic of the statement. ","The concept representing the finding or action that is the topic of the statement. 
		
		For action topics, the TopicCode represents the action being described. For findings, the TopicCode represents the 'question' or property being investigated. For evaluation result findings, the TopicCode contains a concept for an observable entity, such as systolic blood pressure. For assertion findings, the TopicCode contains a code representing the condition, allergy, or other item being asserted. In all cases, the TopicCode describes the topic independent of the context of the action or the finding.
		
		This attribute was named 'key' in CIMI V0.0.4. Recently, CIMI has recently moved to rename this element TopicCode, as anticipated here, to make it more clear that this is an identifier for the topic, not the context.","","","","","","","","","",,,,,"",,,,"condition-Condition-model.topicCode",1,1,"",""
"condition-Condition-model.findingMethod","","","",0,1,"","","","http://hl7.org/fhir/us/breastcancer/StructureDefinition/finding-FindingMethod-model {[]} {[]}
","The technique used to create the finding, for example, the specific imaging technical, lab test code, or assessment vehicle. In CIMI Version 0.0.4, this attribute is called 'method'.","The technique used to create the finding, for example, the specific imaging technical, lab test code, or assessment vehicle. In CIMI Version 0.0.4, this attribute is called 'method'.","","","","","","","","","",,,,,"",,,,"condition-Condition-model.findingMethod",0,1,"",""
"condition-Condition-model.category","","","",1,*,"","","","http://hl7.org/fhir/us/breastcancer/StructureDefinition/shr-core-Category-model {[]} {[]}
","A class or division of people or things having particular shared characteristics","A class or division of people or things having particular shared characteristics","","","","","","","","","",,,,,"",,,,"condition-Condition-model.category",1,*,"",""
"condition-Condition-model.category.value","","codeableConcept
","",1,1,"","","","CodeableConcept {[]} {[]}
","Code representing a class or division of people or things having particular shared characteristics","Code representing a class or division of people or things having particular shared characteristics","","","","","","","","","",,"required","","http://hl7.org/fhir/us/breastcancer/ValueSet/condition-ConditionCategoryVS","",,,,"condition-Condition-model.category.value",1,1,"",""
"condition-Condition-model.anatomicalLocationOrCode","","","",0,*,"","","","http://hl7.org/fhir/us/breastcancer/StructureDefinition/entity-AnatomicalLocationOrCode-model {[]} {[]}
","A body site entity or a body site code.","A body site entity or a body site code.","","","","","","","","","",,,,,"",,,,"condition-Condition-model.anatomicalLocationOrCode",0,*,"",""
"condition-Condition-model.conditionPresenceContext","","","",1,1,"","","","http://hl7.org/fhir/us/breastcancer/StructureDefinition/condition-ConditionPresenceContext-model {[]} {[]}
","The context for a condition that is known, suspected, or possibly present.","The context for a condition that is known, suspected, or possibly present.

In CIMI Version 0.0.4, this class was called AssertionKnownOrSuspectedPresent. The corresponding CIMI class is ungoing a name change to include the word 'StatementContext' and remove the word 'Assertion'.

The presence of terminology bindings (necessary to align with FHIR clinicalStatus, severity, and criticality) means that this class cannot be defined entirely within the CIMI reference model. The constraints could only exist in an archetype derived from the reference model class. The logical model here represents both the class structure and the terminology bindings.","","","","","","","","","",,,,,"",,,,"condition-Condition-model.conditionPresenceContext",1,1,"",""
