"Path","Slice Name","Alias(s)","Label","Min","Max","Must Support?","Is Modifier?","Is Summary?","Type(s)","Short","Definition","Comments","Requirements","Default Value","Meaning When Missing","Fixed Value","Pattern","Example","Minimum Value","Maximum Value","Maximum Length","Binding Strength","Binding Description","Binding Value Set","Code","Slicing Discriminator","Slicing Description","Slicing Ordered","Slicing Rules","Base Path","Base Min","Base Max","Condition(s)","Constraint(s)"
"entity-Specimen-model","","","",0,*,"","","","","","Sample for analysis. 

NOTE: This class has been cut down to separate it from other parts of the reference model that are not relevant to the current oncology ballot.","","","","","","","","","",,,,,"",,,,"entity-Specimen-model",0,*,"",""
"entity-Specimen-model.type","","","",1,1,"","","","http://hl7.org/fhir/us/breastcancer/StructureDefinition/finding-Type-model {[]} {[]}
","The most specific code (lowest level term) describing the kind or sort of thing being represented.","The most specific code (lowest level term) describing the kind or sort of thing being represented.","","","","","","","","","",,,,,"http://ncimeta.nci.nih.gov#C0332307
",,,,"entity-Specimen-model.type",1,1,"",""
"entity-Specimen-model.sourceSpecimen","","","",0,1,"","","","http://hl7.org/fhir/us/breastcancer/StructureDefinition/entity-SourceSpecimen-model {[]} {[]}
","Identifier for the source specimen from which this specimen was derived.","Identifier for the source specimen from which this specimen was derived.
		
		In CIMI V0.0.4, this attribute is called parentSpecimenIdentifier (datatype Identifier). The corresponding element in FHIR (Specimen.parent) is type ref(Specimen). It is impossible to map Idenfier to Specimen, so the datatype of this element has been changed to make the mapping feasible.","","","","","","","","","",,,,,"",,,,"entity-Specimen-model.sourceSpecimen",0,1,"",""
"entity-Specimen-model.receivedTime","","","",0,1,"","","","http://hl7.org/fhir/us/breastcancer/StructureDefinition/shr-core-ReceivedTime-model {[]} {[]}
","Time received by accepting facility or unit.","Time received by accepting facility or unit.","","","","","","","","","",,,,,"http://ncimeta.nci.nih.gov#C2735124
",,,,"entity-Specimen-model.receivedTime",0,1,"",""
"entity-Specimen-model.collectionTime","","","",0,1,"","","","http://hl7.org/fhir/us/breastcancer/StructureDefinition/entity-CollectionTime-model {[]} {[]}
","When the sample was obtained, as a specific time or time period.","When the sample was obtained, as a specific time or time period.
		
		Specimen collection time seems to be missing in CIMI V0.0.4. Given that is not in Specimen, the next place to look is in the associated CollectionProcedure, specifically in the Performance context of the clinical statement representing that procedure. But there is no time found there, either, only a temporalContext (type Concept) and duration (not a point in time). If the specimen collection time is supposed to be recorded in Performance.Attribution (a list of actions), it would be nearly impossible to create a mapping.","","","","","","","","","",,,,,"",,,,"entity-Specimen-model.collectionTime",0,1,"",""
"entity-Specimen-model.collectionMethod","","","",0,1,"","","","http://hl7.org/fhir/us/breastcancer/StructureDefinition/entity-CollectionMethod-model {[]} {[]}
","How the specimen was obtained.","How the specimen was obtained.","","","","","","","","","",,,,,"",,,,"entity-Specimen-model.collectionMethod",0,1,"",""
"entity-Specimen-model.collectionSite","","","",0,1,"","","","http://hl7.org/fhir/us/breastcancer/StructureDefinition/entity-CollectionSite-model {[]} {[]}
","The body site where specimen was collected","The body site where specimen was collected","","","","","","","","","",,,,,"",,,,"entity-Specimen-model.collectionSite",0,1,"",""
