"Path","Slice Name","Alias(s)","Label","Min","Max","Must Support?","Is Modifier?","Is Summary?","Type(s)","Short","Definition","Comments","Requirements","Default Value","Meaning When Missing","Fixed Value","Pattern","Example","Minimum Value","Maximum Value","Maximum Length","Binding Strength","Binding Description","Binding Value Set","Code","Slicing Discriminator","Slicing Description","Slicing Ordered","Slicing Rules","Base Path","Base Min","Base Max","Condition(s)","Constraint(s)"
"finding-ExceptionValue-model","","","",0,*,"","","","","","Reason that a value associated with a test or other finding is missing.","","","","","","","","","",,,,,"",,,,"finding-ExceptionValue-model",0,*,"",""
"finding-ExceptionValue-model.value","","codeableConcept
","",1,1,"","","","CodeableConcept {[]} {[]}
","Code representing reason that a value associated with a test or other finding is missing.","Code representing reason that a value associated with a test or other finding is missing.","","","","","","","","","",,"required","","http://hl7.org/fhir/us/breastcancer/ValueSet/finding-ExceptionValueVS","",,,,"finding-ExceptionValue-model.value",1,1,"",""
