"Path","Slice Name","Alias(s)","Label","Min","Max","Must Support?","Is Modifier?","Is Summary?","Type(s)","Short","Definition","Comments","Requirements","Default Value","Meaning When Missing","Fixed Value","Pattern","Example","Minimum Value","Maximum Value","Maximum Length","Binding Strength","Binding Description","Binding Value Set","Code","Slicing Discriminator","Slicing Description","Slicing Ordered","Slicing Rules","Base Path","Base Min","Base Max","Condition(s)","Constraint(s)"
"finding-FindingStatus-model","","","",0,*,"","","","","","Indicates whether the finding is preliminary, amended, final, etc..","","","","","","","","","",,,,,"",,,,"finding-FindingStatus-model",0,*,"",""
"finding-FindingStatus-model.value","","code
","",1,1,"","","","code {[]} {[]}
","Code representing indicates whether the finding is preliminary, amended, final, etc..","Code representing indicates whether the finding is preliminary, amended, final, etc..","","","","","","","","","",,"required","","http://hl7.org/fhir/ValueSet/observation-status","",,,,"finding-FindingStatus-model.value",1,1,"",""
