"Path","Slice Name","Alias(s)","Label","Min","Max","Must Support?","Is Modifier?","Is Summary?","Type(s)","Short","Definition","Comments","Requirements","Default Value","Meaning When Missing","Fixed Value","Pattern","Example","Minimum Value","Maximum Value","Maximum Length","Binding Strength","Binding Description","Binding Value Set","Code","Slicing Discriminator","Slicing Description","Slicing Ordered","Slicing Rules","Base Path","Base Min","Base Max","Condition(s)","Constraint(s)"
"finding-Certainty-model","","","",0,*,"","","","","","The degree of confidence in a conclusion or assertion.","","","","","","","","","",,,,,"",,,,"finding-Certainty-model",0,*,"",""
"finding-Certainty-model.value","","codeableConcept
","",1,1,"","","","CodeableConcept {[]} {[]}
","Code representing the degree of confidence in a conclusion or assertion.","Code representing the degree of confidence in a conclusion or assertion.","","","","","","","","","",,,,,"",,,,"finding-Certainty-model.value",1,1,"",""
