"Path","Slice Name","Alias(s)","Label","Min","Max","Must Support?","Is Modifier?","Is Summary?","Type(s)","Short","Definition","Comments","Requirements","Default Value","Meaning When Missing","Fixed Value","Pattern","Example","Minimum Value","Maximum Value","Maximum Length","Binding Strength","Binding Description","Binding Value Set","Code","Slicing Discriminator","Slicing Description","Slicing Ordered","Slicing Rules","Base Path","Base Min","Base Max","Condition(s)","Constraint(s)"
"finding-PresenceContext-model","","","",0,*,"","","","","","PresenceContext indicates the finding in question exists or is present to some level of certainty. 
	
	For example, if the finding involves a myocardial infarction, the presence context implies that cardiac arrest has (or may have) taken place. Note that the name Presence is used rather than Present to prevent confusion with the temporal meaning of present.
	
	In CIMI Version 0.0.4, there were two classes, KnownOrSuspectedPresent and AssertionKnownOrSuspectedPresent. CIMI has decided to combine these classes and rename them to PresenceContext, as represented here.","","","","","","","","","",,,,,"",,,,"finding-PresenceContext-model",0,*,"",""
"finding-PresenceContext-model.contextCode","","","",1,1,"","","","http://hl7.org/fhir/us/breastcancer/StructureDefinition/shr-base-ContextCode-model {[]} {[]}
","A code representing the ontological status of the statement, e.g., whether it exists, does not exist, is planned, etc. ","A code representing the ontological status of the statement, e.g., whether it exists, does not exist, is planned, etc. 
		
		Attribute aligns with the SNOMED CT Situation with Explicit Context (SWEC) Concept Model context attributes: 'Finding context (attribute)' (SCTID: 408729009) and 'Procedure context (attribute)' (SCTID: 408730004). The range allowed for this attribute shall be consistent with the SNOMED CT concept model specification for SWEC.
		
		This attribute was named 'type' in CIMI V0.0.4. However, CIMI has recently moved to rename this element ContextCode, as anticipated here, to make it more clear that this is an identifier for the context, not the topic.","","","","","","","","","",,,,,"",,,,"finding-PresenceContext-model.contextCode",1,1,"",""
"finding-PresenceContext-model.contextCode.value","","codeableConcept
","",1,1,"","","","CodeableConcept {[]} {[]}
","Code representing a code representing the ontological status of the statement, e.g., whether it exists, does not exist, is planned, etc. ","Code representing a code representing the ontological status of the statement, e.g., whether it exists, does not exist, is planned, etc. 
		
		Attribute aligns with the SNOMED CT Situation with Explicit Context (SWEC) Concept Model context attributes: 'Finding context (attribute)' (SCTID: 408729009) and 'Procedure context (attribute)' (SCTID: 408730004). The range allowed for this attribute shall be consistent with the SNOMED CT concept model specification for SWEC.
		
		This attribute was named 'type' in CIMI V0.0.4. However, CIMI has recently moved to rename this element ContextCode, as anticipated here, to make it more clear that this is an identifier for the context, not the topic.","","","","","","","","","",,"required","","http://hl7.org/fhir/us/breastcancer/ValueSet/finding-PresenceContextVS","",,,,"finding-PresenceContext-model.contextCode.value",1,1,"",""
"finding-PresenceContext-model.verificationStatus","","","",1,1,"","","","http://hl7.org/fhir/us/breastcancer/StructureDefinition/finding-VerificationStatus-model {[]} {[]}
","Whether an assessment has been confirmed by testing or observation.","Whether an assessment has been confirmed by testing or observation.","","","","","","","","","",,,,,"",,,,"finding-PresenceContext-model.verificationStatus",1,1,"",""
"finding-PresenceContext-model.onset","","","",0,1,"","","","http://hl7.org/fhir/us/breastcancer/StructureDefinition/condition-Onset-model {[]} {[]}
","The beginning or first appearance of a mental or physical disorder.","The beginning or first appearance of a mental or physical disorder.
			This attribute aligns with FHIR Condition.onset, and with dateOfOnset and ageAtOnset in CIMI Version 0.0.4 but includes additional datatypes corresponding to FHIR","","","","","","","","","",,,,,"http://ncimeta.nci.nih.gov#C0277793
",,,,"finding-PresenceContext-model.onset",0,1,"",""
"finding-PresenceContext-model.abatement","","","",0,1,"","","","http://hl7.org/fhir/us/breastcancer/StructureDefinition/condition-Abatement-model {[]} {[]}
","The end of the condition, either remission or resolution. This attribute corresponds to dateAbated and hasAbated in CIMI Version 0.0.4, but includes additional datatypes corresponding to FHIR","The end of the condition, either remission or resolution. This attribute corresponds to dateAbated and hasAbated in CIMI Version 0.0.4, but includes additional datatypes corresponding to FHIR","","","","","","","","","",,,,,"http://ncimeta.nci.nih.gov#C1880019
",,,,"finding-PresenceContext-model.abatement",0,1,"",""
"finding-PresenceContext-model.certainty","","","",0,1,"","","","http://hl7.org/fhir/us/breastcancer/StructureDefinition/finding-Certainty-model {[]} {[]}
","The degree of confidence in a conclusion or assertion.","The degree of confidence in a conclusion or assertion.","","","","","","","","","",,,,,"",,,,"finding-PresenceContext-model.certainty",0,1,"",""
