"Path","Slice Name","Alias(s)","Label","Min","Max","Must Support?","Is Modifier?","Is Summary?","Type(s)","Short","Definition","Comments","Requirements","Default Value","Meaning When Missing","Fixed Value","Pattern","Example","Minimum Value","Maximum Value","Maximum Length","Binding Strength","Binding Description","Binding Value Set","Code","Slicing Discriminator","Slicing Description","Slicing Ordered","Slicing Rules","Base Path","Base Min","Base Max","Condition(s)","Constraint(s)"
"finding-AssertionContext-model","","","",0,*,"","","","","","The parent class of contexts that can associate with AssertionTopic and its subclasses.","","","","","","","","","",,,,,"",,,,"finding-AssertionContext-model",0,*,"",""
"finding-AssertionContext-model.contextCode","","","",1,1,"","","","http://hl7.org/fhir/us/breastcancer/StructureDefinition/shr-base-ContextCode-model {[]} {[]}
","A code representing the ontological status of the statement, e.g., whether it exists, does not exist, is planned, etc. ","A code representing the ontological status of the statement, e.g., whether it exists, does not exist, is planned, etc. 
		
		Attribute aligns with the SNOMED CT Situation with Explicit Context (SWEC) Concept Model context attributes: 'Finding context (attribute)' (SCTID: 408729009) and 'Procedure context (attribute)' (SCTID: 408730004). The range allowed for this attribute shall be consistent with the SNOMED CT concept model specification for SWEC.
		
		This attribute was named 'type' in CIMI V0.0.4. However, CIMI has recently moved to rename this element ContextCode, as anticipated here, to make it more clear that this is an identifier for the context, not the topic.","","","","","","","","","",,,,,"",,,,"finding-AssertionContext-model.contextCode",1,1,"",""
