"Path","Slice Name","Alias(s)","Label","Min","Max","Must Support?","Is Modifier?","Is Summary?","Type(s)","Short","Definition","Comments","Requirements","Default Value","Meaning When Missing","Fixed Value","Pattern","Example","Minimum Value","Maximum Value","Maximum Length","Binding Strength","Binding Description","Binding Value Set","Code","Slicing Discriminator","Slicing Description","Slicing Ordered","Slicing Rules","Base Path","Base Min","Base Max","Condition(s)","Constraint(s)"
"oncology-BreastCancer-model","","","",0,*,"","","","","","FindingTopic or diagnosis of cancer originating in the tissues of the breast, and potentially spread to other organs of the body.

The following steps are required to create this class in CIMI:

1) Update the CIMI Reference Model, adding the property MorphologyBehavior to create BreastCancerConditionTopic class.
2) Create an archetype of ClinicalStatement that combines the new topic BreastCancerConditionTopic with the ConditionPresenceContext, and introduces constraints on Value, Category, Stage, and MorphologyBehavior.

In this model, the path of least work was to subclass Condition, add the new attribute, and introduce the required constraints, all at once.

The attributes of ClinicalStatement are not included in this class because of the mapping difficulties discussed in Entry.","","","","","","","","","",,,,,"",,,,"oncology-BreastCancer-model",0,*,"",""
"oncology-BreastCancer-model.value","","codeableConcept
","",1,1,"","","","CodeableConcept {[]} {[]}
","Code representing findingTopic or diagnosis of cancer originating in the tissues of the breast, and potentially spread to other organs of the body.","Code representing findingTopic or diagnosis of cancer originating in the tissues of the breast, and potentially spread to other organs of the body.

The following steps are required to create this class in CIMI:

1) Update the CIMI Reference Model, adding the property MorphologyBehavior to create BreastCancerConditionTopic class.
2) Create an archetype of ClinicalStatement that combines the new topic BreastCancerConditionTopic with the ConditionPresenceContext, and introduces constraints on Value, Category, Stage, and MorphologyBehavior.

In this model, the path of least work was to subclass Condition, add the new attribute, and introduce the required constraints, all at once.

The attributes of ClinicalStatement are not included in this class because of the mapping difficulties discussed in Entry.","","","","","","","","","",,"required","","http://hl7.org/fhir/us/breastcancer/ValueSet/oncology-BreastCancerTypeVS","",,,,"oncology-BreastCancer-model.value",1,1,"",""
"oncology-BreastCancer-model.topicCode","","","",1,1,"","","","http://hl7.org/fhir/us/breastcancer/StructureDefinition/shr-base-TopicCode-model {[]} {[]}
","The concept representing the finding or action that is the topic of the statement. ","The concept representing the finding or action that is the topic of the statement. 
		
		For action topics, the TopicCode represents the action being described. For findings, the TopicCode represents the 'question' or property being investigated. For evaluation result findings, the TopicCode contains a concept for an observable entity, such as systolic blood pressure. For assertion findings, the TopicCode contains a code representing the condition, allergy, or other item being asserted. In all cases, the TopicCode describes the topic independent of the context of the action or the finding.
		
		This attribute was named 'key' in CIMI V0.0.4. Recently, CIMI has recently moved to rename this element TopicCode, as anticipated here, to make it more clear that this is an identifier for the topic, not the context.","","","","","","","","","",,,,,"",,,,"oncology-BreastCancer-model.topicCode",1,1,"",""
"oncology-BreastCancer-model.findingMethod","","","",0,1,"","","","http://hl7.org/fhir/us/breastcancer/StructureDefinition/finding-FindingMethod-model {[]} {[]}
","The technique used to create the finding, for example, the specific imaging technical, lab test code, or assessment vehicle. In CIMI Version 0.0.4, this attribute is called 'method'.","The technique used to create the finding, for example, the specific imaging technical, lab test code, or assessment vehicle. In CIMI Version 0.0.4, this attribute is called 'method'.","","","","","","","","","",,,,,"",,,,"oncology-BreastCancer-model.findingMethod",0,1,"",""
"oncology-BreastCancer-model.category","","","",1,*,"","","","http://hl7.org/fhir/us/breastcancer/StructureDefinition/shr-core-Category-model {[]} {[]}
","A class or division of people or things having particular shared characteristics","A class or division of people or things having particular shared characteristics","","","","","","","","","",,,,,"",,,,"oncology-BreastCancer-model.category",1,*,"",""
"oncology-BreastCancer-model.category.value","","codeableConcept
","",1,1,"","","","CodeableConcept {[]} {[]}
","Code representing a class or division of people or things having particular shared characteristics","Code representing a class or division of people or things having particular shared characteristics","","","","","","","","","",,,,,"","value:coding}
","",,"open","oncology-BreastCancer-model.category.value",1,1,"",""
"oncology-BreastCancer-model.category.value","Includes_disease","","",1,1,"","","","CodeableConcept {[]} {[]}
","","","","","","","","","","","",,,,,"",,,,"oncology-BreastCancer-model.category.value",1,1,"",""
"oncology-BreastCancer-model.category.value.id","","","",0,1,"","","","string {[]} {[]}
","xml:id (or equivalent in JSON)","unique id for the element within a resource (for internal references). This may be any string value that does not contain spaces.","","","","","","","","","",,,,,"",,,,"Element.id",0,1,"",""
"oncology-BreastCancer-model.category.value.extension","","extensions
user content","",0,*,"","","","Extension {[]} {[]}
","Additional Content defined by implementations","May be used to represent additional information that is not part of the basic definition of the element. In order to make the use of extensions safe and manageable, there is a strict set of governance  applied to the definition and use of extensions. Though any implementer is allowed to define an extension, there is a set of requirements that SHALL be met as part of the definition of the extension.","There can be no stigma associated with the use of extensions by any application, project, or standard - regardless of the institution or jurisdiction that uses or defines the extensions.  The use of extensions is what allows the FHIR specification to retain a core level of simplicity for everyone.","","","","","","","","",,,,,"","value:url}
","Extensions are always sliced by (at least) url",,"open","Element.extension",0,*,"",""
"oncology-BreastCancer-model.category.value.coding","","","",0,*,"","","Y","Coding {[]} {[]}
","Code defined by a terminology system","A reference to a code defined by a terminology system.","Codes may be defined very casually in enumerations, or code lists, up to very formal definitions such as SNOMED CT - see the HL7 v3 Core Principles for more information.  Ordering of codings is undefined and SHALL NOT be used to infer meaning. Generally, at most only one of the coding values will be labeled as UserSelected = true.","Allows for translations and alternate encodings within a code system.  Also supports communication of the same instance to systems requiring different encodings.","","","","","","","",,,,,"","value:system}
value:code}","",,"open","oncology-BreastCancer-model.category.value.coding",0,*,"",""
"oncology-BreastCancer-model.category.value.coding","Fixed_disease","","",1,*,"","","Y","Coding {[]} {[]}
","","","","","","","","","","","",,,,,"",,,,"oncology-BreastCancer-model.category.value.coding",0,*,"",""
"oncology-BreastCancer-model.category.value.coding.id","","","",0,1,"","","","string {[]} {[]}
","xml:id (or equivalent in JSON)","unique id for the element within a resource (for internal references). This may be any string value that does not contain spaces.","","","","","","","","","",,,,,"",,,,"Element.id",0,1,"",""
"oncology-BreastCancer-model.category.value.coding.extension","","extensions
user content","",0,*,"","","","Extension {[]} {[]}
","Additional Content defined by implementations","May be used to represent additional information that is not part of the basic definition of the element. In order to make the use of extensions safe and manageable, there is a strict set of governance  applied to the definition and use of extensions. Though any implementer is allowed to define an extension, there is a set of requirements that SHALL be met as part of the definition of the extension.","There can be no stigma associated with the use of extensions by any application, project, or standard - regardless of the institution or jurisdiction that uses or defines the extensions.  The use of extensions is what allows the FHIR specification to retain a core level of simplicity for everyone.","","","","","","","","",,,,,"","value:url}
","Extensions are always sliced by (at least) url",,"open","Element.extension",0,*,"",""
"oncology-BreastCancer-model.category.value.coding.system","","","",1,1,"","","Y","uri {[]} {[]}
","Identity of the terminology system","The identification of the code system that defines the meaning of the symbol in the code.","The URI may be an OID (urn:oid:...) or a UUID (urn:uuid:...).  OIDs and UUIDs SHALL be references to the HL7 OID registry. Otherwise, the URI should come from HL7's list of FHIR defined special URIs or it should de-reference to some definition that establish the system clearly and unambiguously.","Need to be unambiguous about the source of the definition of the symbol.","","","<valueUri xmlns=""http://hl7.org/fhir"" value=""http://hl7.org/fhir/us/breastcancer/CodeSystem/condition-ConditionCategoryCS""/>","","","","",,,,,"",,,,"oncology-BreastCancer-model.category.value.coding.system",1,1,"",""
"oncology-BreastCancer-model.category.value.coding.version","","","",0,1,"","","Y","string {[]} {[]}
","Version of the system - if relevant","The version of the code system which was used when choosing this code. Note that a well-maintained code system does not need the version reported, because the meaning of codes is consistent across versions. However this cannot consistently be assured. and when the meaning is not guaranteed to be consistent, the version SHOULD be exchanged.","Where the terminology does not clearly define what string should be used to identify code system versions, the recommendation is to use the date (expressed in FHIR date format) on which that version was officially published as the version date.","","","","","","","","",,,,,"",,,,"oncology-BreastCancer-model.category.value.coding.version",0,1,"",""
"oncology-BreastCancer-model.category.value.coding.code","","","",1,1,"","","Y","code {[]} {[]}
","Symbol in syntax defined by the system","A symbol in syntax defined by the system. The symbol may be a predefined code or an expression in a syntax defined by the coding system (e.g. post-coordination).","","Need to refer to a particular code in the system.","","","<valueCode xmlns=""http://hl7.org/fhir"" value=""disease""/>","","","","",,,,,"",,,,"oncology-BreastCancer-model.category.value.coding.code",1,1,"",""
"oncology-BreastCancer-model.category.value.coding.display","","","",0,1,"","","Y","string {[]} {[]}
","Representation defined by the system","A representation of the meaning of the code in the system, following the rules of the system.","","Need to be able to carry a human-readable meaning of the code for readers that do not know  the system.","","","","","","","",,,,,"",,,,"oncology-BreastCancer-model.category.value.coding.display",0,1,"",""
"oncology-BreastCancer-model.category.value.coding.userSelected","","","",0,1,"","","Y","boolean {[]} {[]}
","If this coding was chosen directly by the user","Indicates that this coding was chosen by a user directly - i.e. off a pick list of available items (codes or displays).","Amongst a set of alternatives, a directly chosen code is the most appropriate starting point for new translations. There is some ambiguity about what exactly 'directly chosen' implies, and trading partner agreement may be needed to clarify the use of this element and its consequences more completely.","This has been identified as a clinical safety criterium - that this exact system/code pair was chosen explicitly, rather than inferred by the system based on some rules or language processing.","","","","","","","",,,,,"",,,,"oncology-BreastCancer-model.category.value.coding.userSelected",0,1,"",""
"oncology-BreastCancer-model.category.value.text","","","",0,1,"","","Y","string {[]} {[]}
","Plain text representation of the concept","A human language representation of the concept as seen/selected/uttered by the user who entered the data and/or which represents the intended meaning of the user.","Very often the text is the same as a displayName of one of the codings.","The codes from the terminologies do not always capture the correct meaning with all the nuances of the human using them, or sometimes there is no appropriate code at all. In these cases, the text is used to capture the full meaning of the source.","","","","","","","",,,,,"",,,,"oncology-BreastCancer-model.category.value.text",0,1,"",""
"oncology-BreastCancer-model.anatomicalLocationOrCode","","","",0,*,"","","","http://hl7.org/fhir/us/breastcancer/StructureDefinition/entity-AnatomicalLocationOrCode-model {[]} {[]}
","A body site entity or a body site code.","A body site entity or a body site code.","","","","","","","","","",,,,,"",,,,"oncology-BreastCancer-model.anatomicalLocationOrCode",0,*,"",""
"oncology-BreastCancer-model.conditionPresenceContext","","","",1,1,"","","","http://hl7.org/fhir/us/breastcancer/StructureDefinition/condition-ConditionPresenceContext-model {[]} {[]}
","The context for a condition that is known, suspected, or possibly present.","The context for a condition that is known, suspected, or possibly present.

In CIMI Version 0.0.4, this class was called AssertionKnownOrSuspectedPresent. The corresponding CIMI class is ungoing a name change to include the word 'StatementContext' and remove the word 'Assertion'.

The presence of terminology bindings (necessary to align with FHIR clinicalStatus, severity, and criticality) means that this class cannot be defined entirely within the CIMI reference model. The constraints could only exist in an archetype derived from the reference model class. The logical model here represents both the class structure and the terminology bindings.","","","","","","","","","",,,,,"",,,,"oncology-BreastCancer-model.conditionPresenceContext",1,1,"",""
"oncology-BreastCancer-model.conditionPresenceContext.contextCode","","","",1,1,"","","","http://hl7.org/fhir/us/breastcancer/StructureDefinition/shr-base-ContextCode-model {[]} {[]}
","A code representing the ontological status of the statement, e.g., whether it exists, does not exist, is planned, etc. ","A code representing the ontological status of the statement, e.g., whether it exists, does not exist, is planned, etc. 
		
		Attribute aligns with the SNOMED CT Situation with Explicit Context (SWEC) Concept Model context attributes: 'Finding context (attribute)' (SCTID: 408729009) and 'Procedure context (attribute)' (SCTID: 408730004). The range allowed for this attribute shall be consistent with the SNOMED CT concept model specification for SWEC.
		
		This attribute was named 'type' in CIMI V0.0.4. However, CIMI has recently moved to rename this element ContextCode, as anticipated here, to make it more clear that this is an identifier for the context, not the topic.","","","","","","","","","",,,,,"",,,,"oncology-BreastCancer-model.conditionPresenceContext.contextCode",1,1,"",""
"oncology-BreastCancer-model.conditionPresenceContext.contextCode.value","","codeableConcept
","",1,1,"","","","CodeableConcept {[]} {[]}
","Code representing a code representing the ontological status of the statement, e.g., whether it exists, does not exist, is planned, etc. ","Code representing a code representing the ontological status of the statement, e.g., whether it exists, does not exist, is planned, etc. 
		
		Attribute aligns with the SNOMED CT Situation with Explicit Context (SWEC) Concept Model context attributes: 'Finding context (attribute)' (SCTID: 408729009) and 'Procedure context (attribute)' (SCTID: 408730004). The range allowed for this attribute shall be consistent with the SNOMED CT concept model specification for SWEC.
		
		This attribute was named 'type' in CIMI V0.0.4. However, CIMI has recently moved to rename this element ContextCode, as anticipated here, to make it more clear that this is an identifier for the context, not the topic.","","","","","","","","","",,"required","","http://hl7.org/fhir/us/breastcancer/ValueSet/finding-PresenceContextVS","",,,,"oncology-BreastCancer-model.conditionPresenceContext.contextCode.value",1,1,"",""
"oncology-BreastCancer-model.conditionPresenceContext.verificationStatus","","","",1,1,"","","","http://hl7.org/fhir/us/breastcancer/StructureDefinition/finding-VerificationStatus-model {[]} {[]}
","Whether an assessment has been confirmed by testing or observation.","Whether an assessment has been confirmed by testing or observation.","","","","","","","","","",,,,,"",,,,"oncology-BreastCancer-model.conditionPresenceContext.verificationStatus",1,1,"",""
"oncology-BreastCancer-model.conditionPresenceContext.verificationStatus.value","","codeableConcept
","",1,1,"","","","CodeableConcept {[]} {[]}
","Code representing whether an assessment has been confirmed by testing or observation.","Code representing whether an assessment has been confirmed by testing or observation.","","","","","","","","","",,"required","","http://hl7.org/fhir/ValueSet/condition-ver-status","",,,,"oncology-BreastCancer-model.conditionPresenceContext.verificationStatus.value",1,1,"",""
"oncology-BreastCancer-model.conditionPresenceContext.onset","","","",0,1,"","","","http://hl7.org/fhir/us/breastcancer/StructureDefinition/condition-Onset-model {[]} {[]}
","The beginning or first appearance of a mental or physical disorder.","The beginning or first appearance of a mental or physical disorder.
			This attribute aligns with FHIR Condition.onset, and with dateOfOnset and ageAtOnset in CIMI Version 0.0.4 but includes additional datatypes corresponding to FHIR","","","","","","","","","",,,,,"http://ncimeta.nci.nih.gov#C0277793
",,,,"oncology-BreastCancer-model.conditionPresenceContext.onset",0,1,"",""
"oncology-BreastCancer-model.conditionPresenceContext.abatement","","","",0,1,"","","","http://hl7.org/fhir/us/breastcancer/StructureDefinition/condition-Abatement-model {[]} {[]}
","The end of the condition, either remission or resolution. This attribute corresponds to dateAbated and hasAbated in CIMI Version 0.0.4, but includes additional datatypes corresponding to FHIR","The end of the condition, either remission or resolution. This attribute corresponds to dateAbated and hasAbated in CIMI Version 0.0.4, but includes additional datatypes corresponding to FHIR","","","","","","","","","",,,,,"http://ncimeta.nci.nih.gov#C1880019
",,,,"oncology-BreastCancer-model.conditionPresenceContext.abatement",0,1,"",""
"oncology-BreastCancer-model.conditionPresenceContext.certainty","","","",0,1,"","","","http://hl7.org/fhir/us/breastcancer/StructureDefinition/finding-Certainty-model {[]} {[]}
","The degree of confidence in a conclusion or assertion.","The degree of confidence in a conclusion or assertion.","","","","","","","","","",,,,,"",,,,"oncology-BreastCancer-model.conditionPresenceContext.certainty",0,1,"",""
"oncology-BreastCancer-model.conditionPresenceContext.clinicalStatus","","","",1,1,"","","","http://hl7.org/fhir/us/breastcancer/StructureDefinition/condition-ClinicalStatus-model {[]} {[]}
","A flag indicating whether the condition is active or inactive, recurring, in remission, or resolved (as of the last update of the Condition).","A flag indicating whether the condition is active or inactive, recurring, in remission, or resolved (as of the last update of the Condition).","","","","","","","","","",,,,,"",,,,"oncology-BreastCancer-model.conditionPresenceContext.clinicalStatus",1,1,"",""
"oncology-BreastCancer-model.conditionPresenceContext.clinicalStatus.value","","code
","",1,1,"","","","code {[]} {[]}
","Code representing a flag indicating whether the condition is active or inactive, recurring, in remission, or resolved (as of the last update of the Condition).","Code representing a flag indicating whether the condition is active or inactive, recurring, in remission, or resolved (as of the last update of the Condition).","","","","","","","","","",,"required","","http://hl7.org/fhir/ValueSet/condition-clinical","",,,,"oncology-BreastCancer-model.conditionPresenceContext.clinicalStatus.value",1,1,"",""
"oncology-BreastCancer-model.conditionPresenceContext.presentOnAdmission","","","",0,1,"","","","http://hl7.org/fhir/us/breastcancer/StructureDefinition/condition-PresentOnAdmission-model {[]} {[]}
","If the problem or condition existed before the current episode of care.","If the problem or condition existed before the current episode of care.","","","","","","","","","",,,,,"",,,,"oncology-BreastCancer-model.conditionPresenceContext.presentOnAdmission",0,1,"",""
"oncology-BreastCancer-model.conditionPresenceContext.severity","","","",0,1,"","","","http://hl7.org/fhir/us/breastcancer/StructureDefinition/condition-Severity-model {[]} {[]}
","Degree of harshness or extent of a symptom, disorder, or condition.","Degree of harshness or extent of a symptom, disorder, or condition.","","","","","","","","","",,,,,"http://ncimeta.nci.nih.gov#C0392364
",,,,"oncology-BreastCancer-model.conditionPresenceContext.severity",0,1,"",""
"oncology-BreastCancer-model.conditionPresenceContext.severity.value","","codeableConcept
","",1,1,"","","","CodeableConcept {[]} {[]}
","Code representing degree of harshness or extent of a symptom, disorder, or condition.","Code representing degree of harshness or extent of a symptom, disorder, or condition.","","","","","","","","","",,"required","","http://hl7.org/fhir/ValueSet/condition-severity","",,,,"oncology-BreastCancer-model.conditionPresenceContext.severity.value",1,1,"",""
"oncology-BreastCancer-model.conditionPresenceContext.criticality","","","",0,1,"","","","http://hl7.org/fhir/us/breastcancer/StructureDefinition/condition-Criticality-model {[]} {[]}
","The potential clinical harm associated with a condition. When the worst case result is assessed to have a life-threatening or organ system threatening potential, it is considered to be of high criticality.","The potential clinical harm associated with a condition. When the worst case result is assessed to have a life-threatening or organ system threatening potential, it is considered to be of high criticality.","","","","","","","","","",,,,,"http://ncimeta.nci.nih.gov#C3858539 (Criticality)
",,,,"oncology-BreastCancer-model.conditionPresenceContext.criticality",0,1,"",""
"oncology-BreastCancer-model.conditionPresenceContext.criticality.value","","code
","",1,1,"","","","code {[]} {[]}
","Code representing the potential clinical harm associated with a condition. When the worst case result is assessed to have a life-threatening or organ system threatening potential, it is considered to be of high criticality.","Code representing the potential clinical harm associated with a condition. When the worst case result is assessed to have a life-threatening or organ system threatening potential, it is considered to be of high criticality.","","","","","","","","","",,"required","","http://hl7.org/fhir/ValueSet/allergy-intolerance-criticality","",,,,"oncology-BreastCancer-model.conditionPresenceContext.criticality.value",1,1,"",""
"oncology-BreastCancer-model.conditionPresenceContext.stage","","","",0,1,"","","","http://hl7.org/fhir/us/breastcancer/StructureDefinition/condition-Stage-model {[]} {[]}
","The relative advancement in the course of a disease. The value is the summary stage or stage group. StageDetail optionally contains the full staging information.","The relative advancement in the course of a disease. The value is the summary stage or stage group. StageDetail optionally contains the full staging information.
			
			This attribute does not have a direct analogy in CIMI V0.0.4 (the closest being ConditionAssertion.diseasePhase), but is included here for consistency with FHIR and because staging is important in the context of breast cancer and cancer in general.","","","","","","","","","",,,,,"http://ncimeta.nci.nih.gov#C0699749
",,,,"oncology-BreastCancer-model.conditionPresenceContext.stage",0,1,"",""
"oncology-BreastCancer-model.conditionPresenceContext.stage.value","","codeableConcept
","",1,1,"","","","CodeableConcept {[]} {[]}
","Code representing the relative advancement in the course of a disease. The value is the summary stage or stage group. StageDetail optionally contains the full staging information.","Code representing the relative advancement in the course of a disease. The value is the summary stage or stage group. StageDetail optionally contains the full staging information.
			
			This attribute does not have a direct analogy in CIMI V0.0.4 (the closest being ConditionAssertion.diseasePhase), but is included here for consistency with FHIR and because staging is important in the context of breast cancer and cancer in general.","","","","","","","","","",,"required","","http://hl7.org/fhir/us/breastcancer/ValueSet/oncology-BreastCancerStageVS","",,,,"oncology-BreastCancer-model.conditionPresenceContext.stage.value",1,1,"",""
"oncology-BreastCancer-model.conditionPresenceContext.stage.stageDetail","","","",0,1,"","","","http://hl7.org/fhir/us/breastcancer/StructureDefinition/condition-StageDetail-model {[]} {[]}
","The full staging information","The full staging information","","","","","","","","","",,,,,"",,,,"oncology-BreastCancer-model.conditionPresenceContext.stage.stageDetail",0,1,"",""
"oncology-BreastCancer-model.morphologyBehavior","","","",0,1,"","","","http://hl7.org/fhir/us/breastcancer/StructureDefinition/oncology-MorphologyBehavior-model {[]} {[]}
","A description of the morphology characteristics of the cancer.","A description of the morphology characteristics of the cancer.","","","","","","","","","",,,,,"",,,,"oncology-BreastCancer-model.morphologyBehavior",0,1,"",""
"oncology-BreastCancer-model.morphologyBehavior.value","","codeableConcept
","",1,1,"","","","CodeableConcept {[]} {[]}
","Code representing a description of the morphology characteristics of the cancer.","Code representing a description of the morphology characteristics of the cancer.","","","","","","","","","",,"required","","http://hl7.org/fhir/us/breastcancer/ValueSet/oncology-MorphologyBehaviorVS","",,,,"oncology-BreastCancer-model.morphologyBehavior.value",1,1,"",""
