"Path","Slice Name","Alias(s)","Label","Min","Max","Must Support?","Is Modifier?","Is Summary?","Type(s)","Short","Definition","Comments","Requirements","Default Value","Meaning When Missing","Fixed Value","Pattern","Example","Minimum Value","Maximum Value","Maximum Length","Binding Strength","Binding Description","Binding Value Set","Code","Slicing Discriminator","Slicing Description","Slicing Ordered","Slicing Rules","Base Path","Base Min","Base Max","Condition(s)","Constraint(s)"
"oncology-LymphaticInvolvement-model","","","",0,*,"","","","","","Description of lymph nodes contain cancer cells.","","","","","","","","","",,,,,"",,,,"oncology-LymphaticInvolvement-model",0,*,"",""
"oncology-LymphaticInvolvement-model.value","","codeableConcept
","",1,1,"","","","CodeableConcept {[]} {[]}
","Code representing description of lymph nodes contain cancer cells.","Code representing description of lymph nodes contain cancer cells.","","","","","","","","","",,"required","","http://hl7.org/fhir/us/breastcancer/ValueSet/oncology-PositiveNegativeVS","",,,,"oncology-LymphaticInvolvement-model.value",1,1,"",""
"oncology-LymphaticInvolvement-model.topicCode","","","",1,1,"","","","http://hl7.org/fhir/us/breastcancer/StructureDefinition/shr-base-TopicCode-model {[]} {[]}
","The concept representing the finding or action that is the topic of the statement. ","The concept representing the finding or action that is the topic of the statement. 
		
		For action topics, the TopicCode represents the action being described. For findings, the TopicCode represents the 'question' or property being investigated. For evaluation result findings, the TopicCode contains a concept for an observable entity, such as systolic blood pressure. For assertion findings, the TopicCode contains a code representing the condition, allergy, or other item being asserted. In all cases, the TopicCode describes the topic independent of the context of the action or the finding.
		
		This attribute was named 'key' in CIMI V0.0.4. Recently, CIMI has recently moved to rename this element TopicCode, as anticipated here, to make it more clear that this is an identifier for the topic, not the context.","","","","","","","","","",,,,,"",,,,"oncology-LymphaticInvolvement-model.topicCode",1,1,"",""
"oncology-LymphaticInvolvement-model.topicCode.value","","codeableConcept
","",1,1,"","","","CodeableConcept {[]} {[]}
","Code representing the concept representing the finding or action that is the topic of the statement. ","Code representing the concept representing the finding or action that is the topic of the statement. 
		
		For action topics, the TopicCode represents the action being described. For findings, the TopicCode represents the 'question' or property being investigated. For evaluation result findings, the TopicCode contains a concept for an observable entity, such as systolic blood pressure. For assertion findings, the TopicCode contains a code representing the condition, allergy, or other item being asserted. In all cases, the TopicCode describes the topic independent of the context of the action or the finding.
		
		This attribute was named 'key' in CIMI V0.0.4. Recently, CIMI has recently moved to rename this element TopicCode, as anticipated here, to make it more clear that this is an identifier for the topic, not the context.","","","","","","","","","",,,,,"",,,,"oncology-LymphaticInvolvement-model.topicCode.value",1,1,"",""
"oncology-LymphaticInvolvement-model.topicCode.value.id","","","",0,1,"","","","string {[]} {[]}
","xml:id (or equivalent in JSON)","unique id for the element within a resource (for internal references). This may be any string value that does not contain spaces.","","","","","","","","","",,,,,"",,,,"Element.id",0,1,"",""
"oncology-LymphaticInvolvement-model.topicCode.value.extension","","extensions
user content","",0,*,"","","","Extension {[]} {[]}
","Additional Content defined by implementations","May be used to represent additional information that is not part of the basic definition of the element. In order to make the use of extensions safe and manageable, there is a strict set of governance  applied to the definition and use of extensions. Though any implementer is allowed to define an extension, there is a set of requirements that SHALL be met as part of the definition of the extension.","There can be no stigma associated with the use of extensions by any application, project, or standard - regardless of the institution or jurisdiction that uses or defines the extensions.  The use of extensions is what allows the FHIR specification to retain a core level of simplicity for everyone.","","","","","","","","",,,,,"","value:url}
","Extensions are always sliced by (at least) url",,"open","Element.extension",0,*,"",""
"oncology-LymphaticInvolvement-model.topicCode.value.coding","","","",0,*,"","","Y","Coding {[]} {[]}
","Code defined by a terminology system","A reference to a code defined by a terminology system.","Codes may be defined very casually in enumerations, or code lists, up to very formal definitions such as SNOMED CT - see the HL7 v3 Core Principles for more information.  Ordering of codings is undefined and SHALL NOT be used to infer meaning. Generally, at most only one of the coding values will be labeled as UserSelected = true.","Allows for translations and alternate encodings within a code system.  Also supports communication of the same instance to systems requiring different encodings.","","","","","","","",,,,,"","value:system}
value:code}","",,"open","oncology-LymphaticInvolvement-model.topicCode.value.coding",0,*,"",""
"oncology-LymphaticInvolvement-model.topicCode.value.coding","Fixed_C0746333","","",1,*,"","","Y","Coding {[]} {[]}
","","","","","","","","","","","",,,,,"",,,,"oncology-LymphaticInvolvement-model.topicCode.value.coding",0,*,"",""
"oncology-LymphaticInvolvement-model.topicCode.value.coding.id","","","",0,1,"","","","string {[]} {[]}
","xml:id (or equivalent in JSON)","unique id for the element within a resource (for internal references). This may be any string value that does not contain spaces.","","","","","","","","","",,,,,"",,,,"Element.id",0,1,"",""
"oncology-LymphaticInvolvement-model.topicCode.value.coding.extension","","extensions
user content","",0,*,"","","","Extension {[]} {[]}
","Additional Content defined by implementations","May be used to represent additional information that is not part of the basic definition of the element. In order to make the use of extensions safe and manageable, there is a strict set of governance  applied to the definition and use of extensions. Though any implementer is allowed to define an extension, there is a set of requirements that SHALL be met as part of the definition of the extension.","There can be no stigma associated with the use of extensions by any application, project, or standard - regardless of the institution or jurisdiction that uses or defines the extensions.  The use of extensions is what allows the FHIR specification to retain a core level of simplicity for everyone.","","","","","","","","",,,,,"","value:url}
","Extensions are always sliced by (at least) url",,"open","Element.extension",0,*,"",""
"oncology-LymphaticInvolvement-model.topicCode.value.coding.system","","","",1,1,"","","Y","uri {[]} {[]}
","Identity of the terminology system","The identification of the code system that defines the meaning of the symbol in the code.","The URI may be an OID (urn:oid:...) or a UUID (urn:uuid:...).  OIDs and UUIDs SHALL be references to the HL7 OID registry. Otherwise, the URI should come from HL7's list of FHIR defined special URIs or it should de-reference to some definition that establish the system clearly and unambiguously.","Need to be unambiguous about the source of the definition of the symbol.","","","<valueUri xmlns=""http://hl7.org/fhir"" value=""http://ncimeta.nci.nih.gov""/>","","","","",,,,,"",,,,"oncology-LymphaticInvolvement-model.topicCode.value.coding.system",1,1,"",""
"oncology-LymphaticInvolvement-model.topicCode.value.coding.version","","","",0,1,"","","Y","string {[]} {[]}
","Version of the system - if relevant","The version of the code system which was used when choosing this code. Note that a well-maintained code system does not need the version reported, because the meaning of codes is consistent across versions. However this cannot consistently be assured. and when the meaning is not guaranteed to be consistent, the version SHOULD be exchanged.","Where the terminology does not clearly define what string should be used to identify code system versions, the recommendation is to use the date (expressed in FHIR date format) on which that version was officially published as the version date.","","","","","","","","",,,,,"",,,,"oncology-LymphaticInvolvement-model.topicCode.value.coding.version",0,1,"",""
"oncology-LymphaticInvolvement-model.topicCode.value.coding.code","","","",1,1,"","","Y","code {[]} {[]}
","Symbol in syntax defined by the system","A symbol in syntax defined by the system. The symbol may be a predefined code or an expression in a syntax defined by the coding system (e.g. post-coordination).","","Need to refer to a particular code in the system.","","","<valueCode xmlns=""http://hl7.org/fhir"" value=""C0746333""/>","","","","",,,,,"",,,,"oncology-LymphaticInvolvement-model.topicCode.value.coding.code",1,1,"",""
"oncology-LymphaticInvolvement-model.topicCode.value.coding.display","","","",0,1,"","","Y","string {[]} {[]}
","Representation defined by the system","A representation of the meaning of the code in the system, following the rules of the system.","","Need to be able to carry a human-readable meaning of the code for readers that do not know  the system.","","","","","","","",,,,,"",,,,"oncology-LymphaticInvolvement-model.topicCode.value.coding.display",0,1,"",""
"oncology-LymphaticInvolvement-model.topicCode.value.coding.userSelected","","","",0,1,"","","Y","boolean {[]} {[]}
","If this coding was chosen directly by the user","Indicates that this coding was chosen by a user directly - i.e. off a pick list of available items (codes or displays).","Amongst a set of alternatives, a directly chosen code is the most appropriate starting point for new translations. There is some ambiguity about what exactly 'directly chosen' implies, and trading partner agreement may be needed to clarify the use of this element and its consequences more completely.","This has been identified as a clinical safety criterium - that this exact system/code pair was chosen explicitly, rather than inferred by the system based on some rules or language processing.","","","","","","","",,,,,"",,,,"oncology-LymphaticInvolvement-model.topicCode.value.coding.userSelected",0,1,"",""
"oncology-LymphaticInvolvement-model.topicCode.value.text","","","",0,1,"","","Y","string {[]} {[]}
","Plain text representation of the concept","A human language representation of the concept as seen/selected/uttered by the user who entered the data and/or which represents the intended meaning of the user.","Very often the text is the same as a displayName of one of the codings.","The codes from the terminologies do not always capture the correct meaning with all the nuances of the human using them, or sometimes there is no appropriate code at all. In these cases, the text is used to capture the full meaning of the source.","","","","","","","",,,,,"",,,,"oncology-LymphaticInvolvement-model.topicCode.value.text",0,1,"",""
"oncology-LymphaticInvolvement-model.findingMethod","","","",0,1,"","","","http://hl7.org/fhir/us/breastcancer/StructureDefinition/finding-FindingMethod-model {[]} {[]}
","The technique used to create the finding, for example, the specific imaging technical, lab test code, or assessment vehicle. In CIMI Version 0.0.4, this attribute is called 'method'.","The technique used to create the finding, for example, the specific imaging technical, lab test code, or assessment vehicle. In CIMI Version 0.0.4, this attribute is called 'method'.","","","","","","","","","",,,,,"",,,,"oncology-LymphaticInvolvement-model.findingMethod",0,1,"",""
"oncology-LymphaticInvolvement-model.category","","","",1,*,"","","","http://hl7.org/fhir/us/breastcancer/StructureDefinition/shr-core-Category-model {[]} {[]}
","A class or division of people or things having particular shared characteristics","A class or division of people or things having particular shared characteristics","","","","","","","","","",,,,,"",,,,"oncology-LymphaticInvolvement-model.category",1,*,"",""
"oncology-LymphaticInvolvement-model.category.value","","codeableConcept
","",1,1,"","","","CodeableConcept {[]} {[]}
","Code representing a class or division of people or things having particular shared characteristics","Code representing a class or division of people or things having particular shared characteristics","","","","","","","","","",,"extensible","","http://hl7.org/fhir/ValueSet/observation-category","",,,,"oncology-LymphaticInvolvement-model.category.value",1,1,"",""
"oncology-LymphaticInvolvement-model.focus","","","",0,0,"","","","http://hl7.org/fhir/us/breastcancer/StructureDefinition/finding-Focus-model {[]} {[]}
","The specific aspect, person, or thing related to the Subject under observation, potentially a specific condition, fetus, drug regimen, environmental location, activity, body structure, or environmental factor. ","The specific aspect, person, or thing related to the Subject under observation, potentially a specific condition, fetus, drug regimen, environmental location, activity, body structure, or environmental factor. 
		
		Focus is used when the observation is not the Subject as a whole. An example would be an observation related to a particular tumor, or an observation about a change in a particular behavior, or an observation about a systemic condition.
		
		CIMI Version 0.0.4 does not have this attribute, nor does FHIR 3.0.1. However, a FHIR tracker issue has been approved for adding an attribute (tentatively named focalSubject) to FHIR. That change is anticipated here.","","","","","","","","","",,,,,"",,,,"oncology-LymphaticInvolvement-model.focus",0,0,"",""
"oncology-LymphaticInvolvement-model.anatomicalLocation","","","",1,1,"","","","http://hl7.org/fhir/us/breastcancer/StructureDefinition/entity-AnatomicalLocation-model {[]} {[]}
","A location or structure in the body, including tissues, regions, cavities, and spaces, for example, right elbow, or left ventricle of the heart.","A location or structure in the body, including tissues, regions, cavities, and spaces, for example, right elbow, or left ventricle of the heart.

Note: In CIMI Version 0.0.4, AnatomicalLocation has no parent class. This appears to have been an oversight, and the parent should have been Entity, as modeled here. This class corresponds to that CIMI reference model class, but it would be defined in a CIMI archetype, because it involves value set bindings on each of the attributes.","","","","","","","","","",,,,,"http://ncimeta.nci.nih.gov#C1545955
",,,,"oncology-LymphaticInvolvement-model.anatomicalLocation",1,1,"",""
"oncology-LymphaticInvolvement-model.anatomicalLocation.value","","codeableConcept
","",1,1,"","","","CodeableConcept {[]} {[]}
","Code representing a location or structure in the body, including tissues, regions, cavities, and spaces, for example, right elbow, or left ventricle of the heart.","Code representing a location or structure in the body, including tissues, regions, cavities, and spaces, for example, right elbow, or left ventricle of the heart.

Note: In CIMI Version 0.0.4, AnatomicalLocation has no parent class. This appears to have been an oversight, and the parent should have been Entity, as modeled here. This class corresponds to that CIMI reference model class, but it would be defined in a CIMI archetype, because it involves value set bindings on each of the attributes.","","","","","","","","","",,"required","","http://hl7.org/fhir/us/breastcancer/ValueSet/oncology-LymphSystemSubdivisionVS","",,,,"oncology-LymphaticInvolvement-model.anatomicalLocation.value",1,1,"",""
"oncology-LymphaticInvolvement-model.anatomicalLocation.laterality","","","",0,1,"","","","http://hl7.org/fhir/us/breastcancer/StructureDefinition/entity-Laterality-model {[]} {[]}
","Anatomical location or specimen further detailing the side(s) of interest.","Anatomical location or specimen further detailing the side(s) of interest.","","","","","","","","","",,,,,"http://ncimeta.nci.nih.gov#C0925205 (Anatomical laterality)
",,,,"oncology-LymphaticInvolvement-model.anatomicalLocation.laterality",0,1,"",""
"oncology-LymphaticInvolvement-model.anatomicalLocation.directionality","","","",0,1,"","","","http://hl7.org/fhir/us/breastcancer/StructureDefinition/entity-Directionality-model {[]} {[]}
","Anatomical location or specimen further detailing directionality.","Anatomical location or specimen further detailing directionality.
	Note: In CIMI Version 0.0.4, this is called anatomicalDirection.","","","","","","","","","",,,,,"https://evs.nci.nih.gov/ftp1/CDISC/SDTM/#C99074
",,,,"oncology-LymphaticInvolvement-model.anatomicalLocation.directionality",0,1,"",""
"oncology-LymphaticInvolvement-model.anatomicalLocation.portionTotality","","","",0,1,"","","","http://hl7.org/fhir/us/breastcancer/StructureDefinition/entity-PortionTotality-model {[]} {[]}
","Further detail of the anatomical location or specimen detailing whether it includes the entire entity or only a part or portion. NOTE: This attribute is not part of CIMI. It was included because it further details an anatomical location or specimen, in Clinical Data Interchange Standards Consortium (CDISC) Study Data Tabulation Model (SDTM).","Further detail of the anatomical location or specimen detailing whether it includes the entire entity or only a part or portion. NOTE: This attribute is not part of CIMI. It was included because it further details an anatomical location or specimen, in Clinical Data Interchange Standards Consortium (CDISC) Study Data Tabulation Model (SDTM).","","","","","","","","","",,,,,"https://evs.nci.nih.gov/ftp1/CDISC/SDTM/#C99075
",,,,"oncology-LymphaticInvolvement-model.anatomicalLocation.portionTotality",0,1,"",""
"oncology-LymphaticInvolvement-model.breastRegionalLymphNodeSpecimen","","specimen
","",0,1,"","","","http://hl7.org/fhir/us/breastcancer/StructureDefinition/oncology-BreastRegionalLymphNodeSpecimen-model {[]} {[]}
","The removal of regional lymph node(s) at the time of surgery of the primary site or during a separate surgical event.","The removal of regional lymph node(s) at the time of surgery of the primary site or during a separate surgical event.","","","","","","","","","",,,,,"",,,,"oncology-LymphaticInvolvement-model.breastRegionalLymphNodeSpecimen",0,1,"",""
"oncology-LymphaticInvolvement-model.deltaFlag","","","",0,0,"","","","http://hl7.org/fhir/us/breastcancer/StructureDefinition/finding-DeltaFlag-model {[]} {[]}
","Indicator of significant change (delta) from the last or previous measurement.","Indicator of significant change (delta) from the last or previous measurement.","","","","","","","","","",,,,,"http://ncimeta.nci.nih.gov#C1705241
",,,,"oncology-LymphaticInvolvement-model.deltaFlag",0,0,"",""
"oncology-LymphaticInvolvement-model.interpretation","","","",0,1,"","","","http://hl7.org/fhir/us/breastcancer/StructureDefinition/finding-Interpretation-model {[]} {[]}
","A clinical interpretation of a finding.","A clinical interpretation of a finding.","","","","","","","","","",,,,,"http://ncimeta.nci.nih.gov#C0420833
",,,,"oncology-LymphaticInvolvement-model.interpretation",0,1,"",""
"oncology-LymphaticInvolvement-model.precondition","","","",0,0,"","","","http://hl7.org/fhir/us/breastcancer/StructureDefinition/finding-Precondition-model {[]} {[]}
","A description of the conditions or context of an observation, for example, under sedation, fasting or post-exercise. ","A description of the conditions or context of an observation, for example, under sedation, fasting or post-exercise. 
		
		Body position and body site are also qualifiers, but handled separately. A qualifier cannot modify the measurement type; for example, a fasting blood sugar is still a blood sugar.","","","","","","","","","",,,,,"",,,,"oncology-LymphaticInvolvement-model.precondition",0,0,"",""
"oncology-LymphaticInvolvement-model.referenceRange","","","",0,0,"","","","http://hl7.org/fhir/us/breastcancer/StructureDefinition/finding-ReferenceRange-model {[]} {[]}
","The usual or acceptable range for a test result.","The usual or acceptable range for a test result.","","","","","","","","","",,,,,"http://ncimeta.nci.nih.gov#C0883335
",,,,"oncology-LymphaticInvolvement-model.referenceRange",0,0,"",""
"oncology-LymphaticInvolvement-model.evaluationComponent","","","",0,1,"","","","","A simplified, non-separable evaluation consisting of a finding code (represented by the Concept), value (or exception value), reference range, and interpretation. ","A simplified, non-separable evaluation consisting of a finding code (represented by the Concept), value (or exception value), reference range, and interpretation. 
		
		The subject of the evaluation component is the same as in the parent evaluation.","","","","","","","","","",,,,,"",,,,"oncology-LymphaticInvolvement-model.evaluationComponent",0,1,"",""
"oncology-LymphaticInvolvement-model.evaluationComponent.largestLymphNodeSize","","","",0,1,"","","","http://hl7.org/fhir/us/breastcancer/StructureDefinition/oncology-LargestLymphNodeSize-model {[]} {[]}
","The largest dimension of the largest lymph node invaded by cancer cells.","The largest dimension of the largest lymph node invaded by cancer cells.","","","","","","","","","",,,,,"http://ncimeta.nci.nih.gov#C1285847
",,,,"oncology-LymphaticInvolvement-model.evaluationComponent.largestLymphNodeSize",0,1,"",""
"oncology-LymphaticInvolvement-model.evaluationComponent.numberOfLymphNodesInvolved","","","",0,1,"","","","http://hl7.org/fhir/us/breastcancer/StructureDefinition/oncology-NumberOfLymphNodesInvolved-model {[]} {[]}
","A count of lymph nodes invaded by cancer cells of those examined.","A count of lymph nodes invaded by cancer cells of those examined.","","","","","","","","","",,,,,"",,,,"oncology-LymphaticInvolvement-model.evaluationComponent.numberOfLymphNodesInvolved",0,1,"",""
"oncology-LymphaticInvolvement-model.evaluationComponent.degreeOfLymphaticInvolvement","","","",0,1,"","","","http://hl7.org/fhir/us/breastcancer/StructureDefinition/oncology-DegreeOfLymphaticInvolvement-model {[]} {[]}
","Assessment of how much cancer is in a lymph node.","Assessment of how much cancer is in a lymph node.","","","","","","","","","",,,,,"",,,,"oncology-LymphaticInvolvement-model.evaluationComponent.degreeOfLymphaticInvolvement",0,1,"",""
"oncology-LymphaticInvolvement-model.members","","","",1,1,"","","","http://hl7.org/fhir/us/breastcancer/StructureDefinition/finding-Members-model {[]} {[]}
","Members represent the elements of a group of a related but independent evaluations. ","Members represent the elements of a group of a related but independent evaluations. 
		
		Examples are the measurements that compose a complete blood count (CBC), or the elements of a pathology report. Each member is an independent evaluation, but the grouping reflects a composite lab order, shared specimen, or a single report author. Typically the Category and Reason are not given for individual findings that are part of the panel, but rather given at the level of the panel itself.
		
		CIMI V0.0.4 does not have this attribute.","","","","","","","","","",,,,,"",,,,"oncology-LymphaticInvolvement-model.members",1,1,"",""
"oncology-LymphaticInvolvement-model.members.value","","evaluationResultTopic
","",0,0,"","","","Reference {[]} {[CanonicalType[http://hl7.org/fhir/us/breastcancer/StructureDefinition/finding-EvaluationResultTopic-model]]}
","EvaluationResultTopic representing members represent the elements of a group of a related but independent evaluations. ","EvaluationResultTopic representing members represent the elements of a group of a related but independent evaluations. 
		
		Examples are the measurements that compose a complete blood count (CBC), or the elements of a pathology report. Each member is an independent evaluation, but the grouping reflects a composite lab order, shared specimen, or a single report author. Typically the Category and Reason are not given for individual findings that are part of the panel, but rather given at the level of the panel itself.
		
		CIMI V0.0.4 does not have this attribute.","","","","","","","","","",,,,,"http://ncimeta.nci.nih.gov#C1554188
",,,,"oncology-LymphaticInvolvement-model.members.value",0,0,"",""
"oncology-LymphaticInvolvement-model.recordedContext","","","",1,1,"","","","http://hl7.org/fhir/us/breastcancer/StructureDefinition/finding-RecordedContext-model {[]} {[]}
","Context for an evaluation result, used to indicate an evaluation has been made. ","Context for an evaluation result, used to indicate an evaluation has been made. 
	
	For example, measurement of blood pressure that has been made simply exists (although the value can be present or absent, accurate or inaccurate). The RecordedContext indicates the information presented stands on its own as presented. It can also apply to a clinical notes.
	
	The RecordedContext class did not exist in CIMI Version 0.0.4, but CIMI is the process of adding it. That change is anticipated here.","","","","","","","","","",,,,,"",,,,"oncology-LymphaticInvolvement-model.recordedContext",1,1,"",""
"oncology-LymphaticInvolvement-model.diagnosticService","","","",0,*,"","","","http://hl7.org/fhir/us/breastcancer/StructureDefinition/finding-DiagnosticService-model {[]} {[]}
","A code that classifies the clinical discipline, department or diagnostic service that created the report (e.g. cardiology, biochemistry, hematology, MRI). This is used for searching, sorting and display purposes.","A code that classifies the clinical discipline, department or diagnostic service that created the report (e.g. cardiology, biochemistry, hematology, MRI). This is used for searching, sorting and display purposes.","","","","","","","","","",,,,,"",,,,"oncology-LymphaticInvolvement-model.diagnosticService",0,*,"",""
"oncology-LymphaticInvolvement-model.diagnosticService.value","","codeableConcept
","",1,1,"","","","CodeableConcept {[]} {[]}
","Code representing a code that classifies the clinical discipline, department or diagnostic service that created the report (e.g. cardiology, biochemistry, hematology, MRI). This is used for searching, sorting and display purposes.","Code representing a code that classifies the clinical discipline, department or diagnostic service that created the report (e.g. cardiology, biochemistry, hematology, MRI). This is used for searching, sorting and display purposes.","","","","","","","","","",,,,,"",,,,"oncology-LymphaticInvolvement-model.diagnosticService.value",1,1,"",""
"oncology-LymphaticInvolvement-model.diagnosticService.value.id","","","",0,1,"","","","string {[]} {[]}
","xml:id (or equivalent in JSON)","unique id for the element within a resource (for internal references). This may be any string value that does not contain spaces.","","","","","","","","","",,,,,"",,,,"Element.id",0,1,"",""
"oncology-LymphaticInvolvement-model.diagnosticService.value.extension","","extensions
user content","",0,*,"","","","Extension {[]} {[]}
","Additional Content defined by implementations","May be used to represent additional information that is not part of the basic definition of the element. In order to make the use of extensions safe and manageable, there is a strict set of governance  applied to the definition and use of extensions. Though any implementer is allowed to define an extension, there is a set of requirements that SHALL be met as part of the definition of the extension.","There can be no stigma associated with the use of extensions by any application, project, or standard - regardless of the institution or jurisdiction that uses or defines the extensions.  The use of extensions is what allows the FHIR specification to retain a core level of simplicity for everyone.","","","","","","","","",,,,,"","value:url}
","Extensions are always sliced by (at least) url",,"open","Element.extension",0,*,"",""
"oncology-LymphaticInvolvement-model.diagnosticService.value.coding","","","",0,*,"","","Y","Coding {[]} {[]}
","Code defined by a terminology system","A reference to a code defined by a terminology system.","Codes may be defined very casually in enumerations, or code lists, up to very formal definitions such as SNOMED CT - see the HL7 v3 Core Principles for more information.  Ordering of codings is undefined and SHALL NOT be used to infer meaning. Generally, at most only one of the coding values will be labeled as UserSelected = true.","Allows for translations and alternate encodings within a code system.  Also supports communication of the same instance to systems requiring different encodings.","","","","","","","",,,,,"","value:system}
value:code}","",,"open","oncology-LymphaticInvolvement-model.diagnosticService.value.coding",0,*,"",""
"oncology-LymphaticInvolvement-model.diagnosticService.value.coding","Fixed_pathology","","",1,*,"","","Y","Coding {[]} {[]}
","","","","","","","","","","","",,,,,"",,,,"oncology-LymphaticInvolvement-model.diagnosticService.value.coding",0,*,"",""
"oncology-LymphaticInvolvement-model.diagnosticService.value.coding.id","","","",0,1,"","","","string {[]} {[]}
","xml:id (or equivalent in JSON)","unique id for the element within a resource (for internal references). This may be any string value that does not contain spaces.","","","","","","","","","",,,,,"",,,,"Element.id",0,1,"",""
"oncology-LymphaticInvolvement-model.diagnosticService.value.coding.extension","","extensions
user content","",0,*,"","","","Extension {[]} {[]}
","Additional Content defined by implementations","May be used to represent additional information that is not part of the basic definition of the element. In order to make the use of extensions safe and manageable, there is a strict set of governance  applied to the definition and use of extensions. Though any implementer is allowed to define an extension, there is a set of requirements that SHALL be met as part of the definition of the extension.","There can be no stigma associated with the use of extensions by any application, project, or standard - regardless of the institution or jurisdiction that uses or defines the extensions.  The use of extensions is what allows the FHIR specification to retain a core level of simplicity for everyone.","","","","","","","","",,,,,"","value:url}
","Extensions are always sliced by (at least) url",,"open","Element.extension",0,*,"",""
"oncology-LymphaticInvolvement-model.diagnosticService.value.coding.system","","","",1,1,"","","Y","uri {[]} {[]}
","Identity of the terminology system","The identification of the code system that defines the meaning of the symbol in the code.","The URI may be an OID (urn:oid:...) or a UUID (urn:uuid:...).  OIDs and UUIDs SHALL be references to the HL7 OID registry. Otherwise, the URI should come from HL7's list of FHIR defined special URIs or it should de-reference to some definition that establish the system clearly and unambiguously.","Need to be unambiguous about the source of the definition of the symbol.","","","<valueUri xmlns=""http://hl7.org/fhir"" value=""http://hl7.org/fhir/us/breastcancer/CodeSystem/finding-DiagnosticServiceCS""/>","","","","",,,,,"",,,,"oncology-LymphaticInvolvement-model.diagnosticService.value.coding.system",1,1,"",""
"oncology-LymphaticInvolvement-model.diagnosticService.value.coding.version","","","",0,1,"","","Y","string {[]} {[]}
","Version of the system - if relevant","The version of the code system which was used when choosing this code. Note that a well-maintained code system does not need the version reported, because the meaning of codes is consistent across versions. However this cannot consistently be assured. and when the meaning is not guaranteed to be consistent, the version SHOULD be exchanged.","Where the terminology does not clearly define what string should be used to identify code system versions, the recommendation is to use the date (expressed in FHIR date format) on which that version was officially published as the version date.","","","","","","","","",,,,,"",,,,"oncology-LymphaticInvolvement-model.diagnosticService.value.coding.version",0,1,"",""
"oncology-LymphaticInvolvement-model.diagnosticService.value.coding.code","","","",1,1,"","","Y","code {[]} {[]}
","Symbol in syntax defined by the system","A symbol in syntax defined by the system. The symbol may be a predefined code or an expression in a syntax defined by the coding system (e.g. post-coordination).","","Need to refer to a particular code in the system.","","","<valueCode xmlns=""http://hl7.org/fhir"" value=""pathology""/>","","","","",,,,,"",,,,"oncology-LymphaticInvolvement-model.diagnosticService.value.coding.code",1,1,"",""
"oncology-LymphaticInvolvement-model.diagnosticService.value.coding.display","","","",0,1,"","","Y","string {[]} {[]}
","Representation defined by the system","A representation of the meaning of the code in the system, following the rules of the system.","","Need to be able to carry a human-readable meaning of the code for readers that do not know  the system.","","","","","","","",,,,,"",,,,"oncology-LymphaticInvolvement-model.diagnosticService.value.coding.display",0,1,"",""
"oncology-LymphaticInvolvement-model.diagnosticService.value.coding.userSelected","","","",0,1,"","","Y","boolean {[]} {[]}
","If this coding was chosen directly by the user","Indicates that this coding was chosen by a user directly - i.e. off a pick list of available items (codes or displays).","Amongst a set of alternatives, a directly chosen code is the most appropriate starting point for new translations. There is some ambiguity about what exactly 'directly chosen' implies, and trading partner agreement may be needed to clarify the use of this element and its consequences more completely.","This has been identified as a clinical safety criterium - that this exact system/code pair was chosen explicitly, rather than inferred by the system based on some rules or language processing.","","","","","","","",,,,,"",,,,"oncology-LymphaticInvolvement-model.diagnosticService.value.coding.userSelected",0,1,"",""
"oncology-LymphaticInvolvement-model.diagnosticService.value.text","","","",0,1,"","","Y","string {[]} {[]}
","Plain text representation of the concept","A human language representation of the concept as seen/selected/uttered by the user who entered the data and/or which represents the intended meaning of the user.","Very often the text is the same as a displayName of one of the codings.","The codes from the terminologies do not always capture the correct meaning with all the nuances of the human using them, or sometimes there is no appropriate code at all. In these cases, the text is used to capture the full meaning of the source.","","","","","","","",,,,,"",,,,"oncology-LymphaticInvolvement-model.diagnosticService.value.text",0,1,"",""
