"Path","Slice Name","Alias(s)","Label","Min","Max","Must Support?","Is Modifier?","Is Summary?","Type(s)","Short","Definition","Comments","Requirements","Default Value","Meaning When Missing","Fixed Value","Pattern","Example","Minimum Value","Maximum Value","Maximum Length","Binding Strength","Binding Description","Binding Value Set","Code","Slicing Discriminator","Slicing Description","Slicing Ordered","Slicing Rules","Base Path","Base Min","Base Max","Condition(s)","Constraint(s)"
"shr-core-Quantity-model","","","",0,*,"","","","","","A quantity with units, whose value may be bounded from above or below, as defined in FHIR.

This definition is not fully consistent with CIMI V0.0.4 (whose definition of Quantity lacks a comparator, but includes numerical precision). Complex data types that appear frequently in FHIR have not been profiled, even if CIMI defines them differently. This choice means that the breast cancer profiles use the native FHIR datatype, rather than having to substitute a CIMI profile everywhere the native type is used.","","","","","","","","","",,,,,"",,,,"shr-core-Quantity-model",0,*,"",""
"shr-core-Quantity-model.value","","decimal
","",0,1,"","","","decimal {[]} {[]}
","Decimal representing a quantity with units, whose value may be bounded from above or below, as defined in FHIR.","Decimal representing a quantity with units, whose value may be bounded from above or below, as defined in FHIR.

This definition is not fully consistent with CIMI V0.0.4 (whose definition of Quantity lacks a comparator, but includes numerical precision). Complex data types that appear frequently in FHIR have not been profiled, even if CIMI defines them differently. This choice means that the breast cancer profiles use the native FHIR datatype, rather than having to substitute a CIMI profile everywhere the native type is used.","","","","","","","","","",,,,,"",,,,"shr-core-Quantity-model.value",0,1,"",""
"shr-core-Quantity-model.comparator","","","",0,1,"","","","http://hl7.org/fhir/us/breastcancer/StructureDefinition/shr-core-Comparator-model {[]} {[]}
","Comparator","Comparator","","","","","","","","","",,,,,"",,,,"shr-core-Quantity-model.comparator",0,1,"",""
"shr-core-Quantity-model.units","","","",0,1,"","","","http://hl7.org/fhir/us/breastcancer/StructureDefinition/shr-core-Units-model {[]} {[]}
","Code for the unit of measure of the quantity.","Code for the unit of measure of the quantity.","","","","","","","","","",,,,,"",,,,"shr-core-Quantity-model.units",0,1,"",""
