"Path","Slice Name","Alias(s)","Label","Min","Max","Must Support?","Is Modifier?","Is Summary?","Type(s)","Short","Definition","Comments","Requirements","Default Value","Meaning When Missing","Fixed Value","Pattern","Example","Minimum Value","Maximum Value","Maximum Length","Binding Strength","Binding Description","Binding Value Set","Code","Slicing Discriminator","Slicing Description","Slicing Ordered","Slicing Rules","Base Path","Base Min","Base Max","Condition(s)","Constraint(s)"
"Extension","","","",0,*,"","","","","BCI Quantity Extension","A quantity with units, whose value may be bounded from above or below, as defined in FHIR.

This definition is not fully consistent with CIMI V0.0.4 (whose definition of Quantity lacks a comparator, but includes numerical precision). Complex data types that appear frequently in FHIR have not been profiled, even if CIMI defines them differently. This choice means that the breast cancer profiles use the native FHIR datatype, rather than having to substitute a CIMI profile everywhere the native type is used.","","","","","","","","","",,,,,"",,,,"Extension",0,1,"ele-1
","ele-1:All FHIR elements must have a @value or children {children().count() > id.count()}
ext-1:Must have either extensions or value[x], not both {extension.exists() != value.exists()}"
"Extension.id","","","",0,1,"","","","string
","xml:id (or equivalent in JSON)","unique id for the element within a resource (for internal references). This may be any string value that does not contain spaces.","","","","","","","","","",,,,,"",,,,"Element.id",0,1,"",""
"Extension.extension","extension","","",0,0,"","","","Extension
","Extension","An Extension","","","","","","","","","",,,,,"",,,,"Element.extension",0,*,"",""
"Extension.url","","","",1,1,"","","","uri
","identifies the meaning of the extension","Source of the definition for the extension code - a logical name or a URL.","The definition may point directly to a computable or human-readable definition of the extensibility codes, or it may be a logical URI as declared in some other specification. The definition SHALL be a URI for the Structure Definition defining the extension.","","","","<valueUri xmlns=""http://hl7.org/fhir"" value=""http://hl7.org/fhir/us/bci/StructureDefinition/shr-core-Quantity-extension""/>","","","","",,,,,"",,,,"Extension.url",1,1,"",""
"Extension.valueQuantity","","","",1,1,"","","","Quantity
","Value of extension","Value of extension - may be a resource or one of a constrained set of the data types (see Extensibility in the spec for list).","","","","","","","","","",,,,,"",,,,"Extension.value[x]",0,1,"",""
