<?xml version="1.0" encoding="UTF-8"?>

<StructureDefinition xmlns="http://hl7.org/fhir">
  <id value="oncology-AverageStainingIntensity-model"/>
  <text>
    <status value="generated"/><div xmlns="http://www.w3.org/1999/xhtml">
  <p><b>BC AverageStainingIntensity Logical Model</b></p>
  <p>The degree or magnitude of staining (nuclear positivity) across cells in the specimen.</p>
</div>
  </text>
  <url value="http://hl7.org/fhir/us/breastcancer/StructureDefinition/oncology-AverageStainingIntensity-model"/>
  <identifier>
    <system value="http://hl7.org/fhir/us/breastcancer"/>
    <value value="oncology.AverageStainingIntensity"/>
  </identifier>
  <version value="0.0.1"/>
  <name value="AverageStainingIntensity"/>
  <title value="BC AverageStainingIntensity Logical Model"/>
  <status value="draft"/>
  <date value="2018-03-19T00:00:00-04:00"/>
  <publisher value="The HL7 Cancer Interoperability Group sponsored by Clinical Interoperability Council Work Group (CIC)."/>
  <contact>
    <telecom>
      <system value="url"/>
      <value value="http://standardhealthrecord.org"/>
    </telecom>
  </contact>
  <description value="The degree or magnitude of staining (nuclear positivity) across cells in the specimen."/>
  <keyword>
    <system value="http://snomed.info/sct"/>
    <code value="444775005"/>
    <display value="Average intensity of positive staining neoplastic cells (observable entity)"/>
  </keyword>
  <kind value="logical"/>
  <abstract value="false"/>
  <type value="oncology-AverageStainingIntensity-model"/>
  <baseDefinition value="http://hl7.org/fhir/StructureDefinition/Element"/>
  <derivation value="specialization"/>
  <snapshot>
    <element id="oncology-AverageStainingIntensity-model">
      <path value="oncology-AverageStainingIntensity-model"/>
      <definition value="The degree or magnitude of staining (nuclear positivity) across cells in the specimen."/>
      <min value="0"/>
      <max value="*"/>
      <base>
        <path value="oncology-AverageStainingIntensity-model"/>
        <min value="0"/>
        <max value="*"/>
      </base>
      <mustSupport value="false"/>
      <isModifier value="false"/>
      <isSummary value="false"/>
    </element>
    <element id="oncology-AverageStainingIntensity-model.value">
      <path value="oncology-AverageStainingIntensity-model.value"/>
      <short value="Code representing the degree or magnitude of staining (nuclear positivity) across cells in the specimen."/>
      <definition value="Code representing the degree or magnitude of staining (nuclear positivity) across cells in the specimen."/>
      <alias value="codeableConcept"/>
      <min value="1"/>
      <max value="1"/>
      <base>
        <path value="oncology-AverageStainingIntensity-model.value"/>
        <min value="1"/>
        <max value="1"/>
      </base>
      <type>
        <code value="CodeableConcept"/>
      </type>
      <mustSupport value="false"/>
      <isModifier value="false"/>
      <isSummary value="false"/>
      <binding>
        <strength value="required"/>
        <valueSetReference>
          <reference value="http://hl7.org/fhir/us/breastcancer/ValueSet/oncology-StainingIntensityVS"/>
        </valueSetReference>
      </binding>
    </element>
    <element id="oncology-AverageStainingIntensity-model.exceptionValue">
      <path value="oncology-AverageStainingIntensity-model.exceptionValue"/>
      <short value="Reason that a value associated with a test or other finding is missing."/>
      <definition value="Reason that a value associated with a test or other finding is missing."/>
      <min value="0"/>
      <max value="1"/>
      <base>
        <path value="oncology-AverageStainingIntensity-model.exceptionValue"/>
        <min value="0"/>
        <max value="1"/>
      </base>
      <type>
        <code value="http://hl7.org/fhir/us/breastcancer/StructureDefinition/finding-ExceptionValue-model"/>
      </type>
      <mustSupport value="false"/>
      <isModifier value="false"/>
      <isSummary value="false"/>
    </element>
    <element id="oncology-AverageStainingIntensity-model.interpretation">
      <path value="oncology-AverageStainingIntensity-model.interpretation"/>
      <code>
        <system value="http://ncimeta.nci.nih.gov"/>
        <code value="C0420833"/>
      </code>
      <short value="A clinical interpretation of a finding."/>
      <definition value="A clinical interpretation of a finding."/>
      <min value="0"/>
      <max value="1"/>
      <base>
        <path value="oncology-AverageStainingIntensity-model.interpretation"/>
        <min value="0"/>
        <max value="1"/>
      </base>
      <type>
        <code value="http://hl7.org/fhir/us/breastcancer/StructureDefinition/finding-Interpretation-model"/>
      </type>
      <mustSupport value="false"/>
      <isModifier value="false"/>
      <isSummary value="false"/>
    </element>
    <element id="oncology-AverageStainingIntensity-model.referenceRange">
      <path value="oncology-AverageStainingIntensity-model.referenceRange"/>
      <code>
        <system value="http://ncimeta.nci.nih.gov"/>
        <code value="C0883335"/>
      </code>
      <short value="The usual or acceptable range for a test result."/>
      <definition value="The usual or acceptable range for a test result."/>
      <min value="0"/>
      <max value="*"/>
      <base>
        <path value="oncology-AverageStainingIntensity-model.referenceRange"/>
        <min value="0"/>
        <max value="*"/>
      </base>
      <type>
        <code value="http://hl7.org/fhir/us/breastcancer/StructureDefinition/finding-ReferenceRange-model"/>
      </type>
      <mustSupport value="false"/>
      <isModifier value="false"/>
      <isSummary value="false"/>
    </element>
  </snapshot>
  <differential>
    <element id="oncology-AverageStainingIntensity-model">
      <path value="oncology-AverageStainingIntensity-model"/>
      <definition value="The degree or magnitude of staining (nuclear positivity) across cells in the specimen."/>
      <min value="0"/>
      <max value="*"/>
      <mustSupport value="false"/>
      <isModifier value="false"/>
      <isSummary value="false"/>
    </element>
    <element id="oncology-AverageStainingIntensity-model.value">
      <path value="oncology-AverageStainingIntensity-model.value"/>
      <short value="Code representing the degree or magnitude of staining (nuclear positivity) across cells in the specimen."/>
      <definition value="Code representing the degree or magnitude of staining (nuclear positivity) across cells in the specimen."/>
      <alias value="codeableConcept"/>
      <min value="1"/>
      <max value="1"/>
      <type>
        <code value="CodeableConcept"/>
      </type>
      <mustSupport value="false"/>
      <isModifier value="false"/>
      <isSummary value="false"/>
      <binding>
        <strength value="required"/>
        <valueSetReference>
          <reference value="http://hl7.org/fhir/us/breastcancer/ValueSet/oncology-StainingIntensityVS"/>
        </valueSetReference>
      </binding>
    </element>
    <element id="oncology-AverageStainingIntensity-model.exceptionValue">
      <path value="oncology-AverageStainingIntensity-model.exceptionValue"/>
      <short value="Reason that a value associated with a test or other finding is missing."/>
      <definition value="Reason that a value associated with a test or other finding is missing."/>
      <min value="0"/>
      <max value="1"/>
      <type>
        <code value="http://hl7.org/fhir/us/breastcancer/StructureDefinition/finding-ExceptionValue-model"/>
      </type>
      <mustSupport value="false"/>
      <isModifier value="false"/>
      <isSummary value="false"/>
    </element>
    <element id="oncology-AverageStainingIntensity-model.interpretation">
      <path value="oncology-AverageStainingIntensity-model.interpretation"/>
      <code>
        <system value="http://ncimeta.nci.nih.gov"/>
        <code value="C0420833"/>
      </code>
      <short value="A clinical interpretation of a finding."/>
      <definition value="A clinical interpretation of a finding."/>
      <min value="0"/>
      <max value="1"/>
      <type>
        <code value="http://hl7.org/fhir/us/breastcancer/StructureDefinition/finding-Interpretation-model"/>
      </type>
      <mustSupport value="false"/>
      <isModifier value="false"/>
      <isSummary value="false"/>
    </element>
    <element id="oncology-AverageStainingIntensity-model.referenceRange">
      <path value="oncology-AverageStainingIntensity-model.referenceRange"/>
      <code>
        <system value="http://ncimeta.nci.nih.gov"/>
        <code value="C0883335"/>
      </code>
      <short value="The usual or acceptable range for a test result."/>
      <definition value="The usual or acceptable range for a test result."/>
      <min value="0"/>
      <max value="*"/>
      <type>
        <code value="http://hl7.org/fhir/us/breastcancer/StructureDefinition/finding-ReferenceRange-model"/>
      </type>
      <mustSupport value="false"/>
      <isModifier value="false"/>
      <isSummary value="false"/>
    </element>
  </differential>
</StructureDefinition>