<?xml version="1.0" encoding="UTF-8"?>

<StructureDefinition xmlns="http://hl7.org/fhir">
  <id value="finding-DeltaFlag-model"/>
  <text>
    <status value="generated"/><div xmlns="http://www.w3.org/1999/xhtml">
  <p><b>BC DeltaFlag Logical Model</b></p>
  <p>Indicator of significant change (delta) from the last or previous measurement.</p>
</div>
  </text>
  <url value="http://hl7.org/fhir/us/breastcancer/StructureDefinition/finding-DeltaFlag-model"/>
  <identifier>
    <system value="http://hl7.org/fhir/us/breastcancer"/>
    <value value="finding.DeltaFlag"/>
  </identifier>
  <version value="0.0.1"/>
  <name value="DeltaFlag"/>
  <title value="BC DeltaFlag Logical Model"/>
  <status value="draft"/>
  <date value="2018-03-19T00:00:00-04:00"/>
  <publisher value="The HL7 Cancer Interoperability Group sponsored by Clinical Interoperability Council Work Group (CIC)."/>
  <contact>
    <telecom>
      <system value="url"/>
      <value value="http://standardhealthrecord.org"/>
    </telecom>
  </contact>
  <description value="Indicator of significant change (delta) from the last or previous measurement."/>
  <keyword>
    <system value="http://ncimeta.nci.nih.gov"/>
    <code value="C1705241"/>
  </keyword>
  <kind value="logical"/>
  <abstract value="false"/>
  <type value="finding-DeltaFlag-model"/>
  <baseDefinition value="http://hl7.org/fhir/StructureDefinition/Element"/>
  <derivation value="specialization"/>
  <snapshot>
    <element id="finding-DeltaFlag-model">
      <path value="finding-DeltaFlag-model"/>
      <definition value="Indicator of significant change (delta) from the last or previous measurement."/>
      <min value="0"/>
      <max value="*"/>
      <base>
        <path value="finding-DeltaFlag-model"/>
        <min value="0"/>
        <max value="*"/>
      </base>
      <mustSupport value="false"/>
      <isModifier value="false"/>
      <isSummary value="false"/>
    </element>
    <element id="finding-DeltaFlag-model.value">
      <path value="finding-DeltaFlag-model.value"/>
      <short value="Code representing indicator of significant change (delta) from the last or previous measurement."/>
      <definition value="Code representing indicator of significant change (delta) from the last or previous measurement."/>
      <alias value="codeableConcept"/>
      <min value="1"/>
      <max value="1"/>
      <base>
        <path value="finding-DeltaFlag-model.value"/>
        <min value="1"/>
        <max value="1"/>
      </base>
      <type>
        <code value="CodeableConcept"/>
      </type>
      <mustSupport value="false"/>
      <isModifier value="false"/>
      <isSummary value="false"/>
      <binding>
        <strength value="required"/>
        <valueSetReference>
          <reference value="http://hl7.org/fhir/us/breastcancer/ValueSet/finding-DeltaFlagVS"/>
        </valueSetReference>
      </binding>
    </element>
  </snapshot>
  <differential>
    <element id="finding-DeltaFlag-model">
      <path value="finding-DeltaFlag-model"/>
      <definition value="Indicator of significant change (delta) from the last or previous measurement."/>
      <min value="0"/>
      <max value="*"/>
      <mustSupport value="false"/>
      <isModifier value="false"/>
      <isSummary value="false"/>
    </element>
    <element id="finding-DeltaFlag-model.value">
      <path value="finding-DeltaFlag-model.value"/>
      <short value="Code representing indicator of significant change (delta) from the last or previous measurement."/>
      <definition value="Code representing indicator of significant change (delta) from the last or previous measurement."/>
      <alias value="codeableConcept"/>
      <min value="1"/>
      <max value="1"/>
      <type>
        <code value="CodeableConcept"/>
      </type>
      <mustSupport value="false"/>
      <isModifier value="false"/>
      <isSummary value="false"/>
      <binding>
        <strength value="required"/>
        <valueSetReference>
          <reference value="http://hl7.org/fhir/us/breastcancer/ValueSet/finding-DeltaFlagVS"/>
        </valueSetReference>
      </binding>
    </element>
  </differential>
</StructureDefinition>